frame,idx,hdim_1,hdim_2,num,threshold_value,feature,time,timestr,y,x,latitude,longitude,cell,time_cell
0,1,35.08994774076088,21.527288305948215,1670,0.5,1,2019-11-01 01:00:00,2019-11-01 01:00:00,35.08994774076088,21.527288305948215,44.710299344336754,11.129099180245566,1,0 days 00:00:00
0,2,20.634262851121424,196.6243300623823,5865,0.5,2,2019-11-01 01:00:00,2019-11-01 01:00:00,20.634262851121424,196.6243300623823,44.62366424653925,12.17915640217321,2,0 days 00:00:00
0,3,13.197305938351896,460.80942817241447,4379,0.5,3,2019-11-01 01:00:00,2019-11-01 01:00:00,13.197305938351896,460.80942817241447,44.57909344312369,13.763474831618678,3,0 days 00:00:00
0,4,8.37145269849109,603.4303649862634,919,0.5,4,2019-11-01 01:00:00,2019-11-01 01:00:00,8.37145269849109,603.4303649862634,44.55017137747383,14.618772803515824,4,0 days 00:00:00
0,5,84.86050671942833,649.8940580270653,813,0.5,5,2019-11-01 01:00:00,2019-11-01 01:00:00,84.86050671942833,649.8940580270653,45.008581803969165,14.89741564034222,5,0 days 00:00:00
0,6,177.24935313834385,524.9766520385897,4055,0.5,6,2019-11-01 01:00:00,2019-11-01 01:00:00,177.24935313834385,524.9766520385897,45.56228208216473,14.148285769346867,6,0 days 00:00:00
0,7,153.59694449037855,652.7598089022988,989,0.5,7,2019-11-01 01:00:00,2019-11-01 01:00:00,153.59694449037855,652.7598089022988,45.4205296330759,14.914601552637475,7,0 days 00:00:00
0,8,189.2213179125505,610.338711086907,588,0.5,8,2019-11-01 01:00:00,2019-11-01 01:00:00,189.2213179125505,610.338711086907,45.63403187105124,14.660202165438722,8,0 days 00:00:00
0,10,236.25196472257366,425.7392225447328,2414,0.5,9,2019-11-01 01:00:00,2019-11-01 01:00:00,236.25196472257366,425.7392225447328,45.91589362419351,13.55315875589045,9,0 days 00:00:00
0,11,226.4078052689384,355.6539819656384,713,0.5,10,2019-11-01 01:00:00,2019-11-01 01:00:00,226.4078052689384,355.6539819656384,45.85689609322137,13.1328574630623,10,0 days 00:00:00
0,14,273.3827094060167,608.3871992190335,3720,0.5,11,2019-11-01 01:00:00,2019-11-01 01:00:00,273.3827094060167,608.3871992190335,46.138423772125094,14.64849894584128,11,0 days 00:00:00
0,15,287.03785437000784,510.9350641598224,752,0.5,12,2019-11-01 01:00:00,2019-11-01 01:00:00,287.03785437000784,510.9350641598224,46.22026111351889,14.06407834578604,12,0 days 00:00:00
0,16,412.01441439852925,616.7134670667414,5365,0.5,13,2019-11-01 01:00:00,2019-11-01 01:00:00,412.01441439852925,616.7134670667414,46.9692644698542,14.698431586607144,13,0 days 00:00:00
1,1,34.19762156530787,21.18985632929457,1673,0.5,14,2019-11-01 02:00:00,2019-11-01 02:00:00,34.19762156530787,21.18985632929457,44.704951499107146,11.12707560017568,1,0 days 01:00:00
1,2,17.857937984756692,131.78589340597634,3768,0.5,15,2019-11-01 02:00:00,2019-11-01 02:00:00,17.857937984756692,131.78589340597634,44.607025313264806,11.79032020033569,14,0 days 00:00:00
1,3,17.674865756227465,258.4793040240521,2531,0.5,16,2019-11-01 02:00:00,2019-11-01 02:00:00,17.674865756227465,258.4793040240521,44.60592813381301,12.550100773757434,2,0 days 01:00:00
1,4,13.548245553016471,457.12599642182795,4545,0.5,17,2019-11-01 02:00:00,2019-11-01 02:00:00,13.548245553016471,457.12599642182795,44.581196677115685,13.741385285888024,3,0 days 01:00:00
1,5,6.832859110626679,601.3874807733713,688,0.5,18,2019-11-01 02:00:00,2019-11-01 02:00:00,6.832859110626679,601.3874807733713,44.5409503542589,14.606521623828312,4,0 days 01:00:00
1,6,85.97833775876924,649.5456947512993,895,0.5,19,2019-11-01 02:00:00,2019-11-01 02:00:00,85.97833775876924,649.5456947512993,45.01528113382824,14.895326505255168,5,0 days 01:00:00
1,7,201.76997948519497,485.62032212440636,7318,0.5,20,2019-11-01 02:00:00,2019-11-01 02:00:00,201.76997948519497,485.62032212440636,45.70923789075031,13.912265799846516,6,0 days 01:00:00
1,8,154.6426639460638,652.9463908543526,1041,0.5,21,2019-11-01 02:00:00,2019-11-01 02:00:00,154.6426639460638,652.9463908543526,45.42679678734798,14.915720484883671,7,0 days 01:00:00
1,9,182.73875019041063,601.361435987294,945,0.5,22,2019-11-01 02:00:00,2019-11-01 02:00:00,182.73875019041063,601.361435987294,45.595180865867185,14.60636543320716,8,0 days 01:00:00
1,12,226.33809587901717,354.76529719139916,800,0.5,23,2019-11-01 02:00:00,2019-11-01 02:00:00,226.33809587901717,354.76529719139916,45.85647831434342,13.127528019138825,10,0 days 01:00:00
1,13,273.25615326399566,576.2264662008918,5268,0.5,24,2019-11-01 02:00:00,2019-11-01 02:00:00,273.25615326399566,576.2264662008918,46.13766530209587,14.455630981714494,11,0 days 01:00:00
1,14,407.8789438334295,616.6567323274606,6206,0.5,25,2019-11-01 02:00:00,2019-11-01 02:00:00,407.8789438334295,616.6567323274606,46.94447997160446,14.698091348290617,13,0 days 01:00:00
2,1,22.492355452079902,146.42129979286972,9141,0.5,26,2019-11-01 03:00:00,2019-11-01 03:00:00,22.492355452079902,146.42129979286972,44.634800075483355,11.878088754380029,14,0 days 01:00:00
2,2,11.003953006889356,481.9932202899336,4425,0.5,27,2019-11-01 03:00:00,2019-11-01 03:00:00,11.003953006889356,481.9932202899336,44.56594834850019,13.890514064707247,3,0 days 02:00:00
2,3,85.13035513992735,651.1874537652401,796,0.5,28,2019-11-01 03:00:00,2019-11-01 03:00:00,85.13035513992735,651.1874537652401,45.01019904621531,14.905172136523179,5,0 days 02:00:00
2,4,201.9020082724489,486.2547306537324,6917,0.5,29,2019-11-01 03:00:00,2019-11-01 03:00:00,201.9020082724489,486.2547306537324,45.71002915916708,13.916070348748022,6,0 days 02:00:00
2,5,156.62155415522486,653.9062986037009,1097,0.5,30,2019-11-01 03:00:00,2019-11-01 03:00:00,156.62155415522486,653.9062986037009,45.438656574560426,14.921477053095657,7,0 days 02:00:00
2,6,187.68669008046044,609.2576169105811,673,0.5,31,2019-11-01 03:00:00,2019-11-01 03:00:00,187.68669008046044,609.2576169105811,45.624834615208236,14.653718842042466,8,0 days 02:00:00
2,7,226.1159868588963,355.1778476960024,809,0.5,32,2019-11-01 03:00:00,2019-11-01 03:00:00,226.1159868588963,355.1778476960024,45.85514718151736,13.130002085133448,10,0 days 02:00:00
2,8,257.29546722057023,531.0751305079903,1644,0.5,33,2019-11-01 03:00:00,2019-11-01 03:00:00,257.29546722057023,531.0751305079903,46.042010505602725,14.184858353871006,11,0 days 02:00:00
2,9,273.7999654292858,633.8507513257579,2023,0.5,34,2019-11-01 03:00:00,2019-11-01 03:00:00,273.7999654292858,633.8507513257579,46.140924450346745,14.801203906001545,15,0 days 00:00:00
2,10,291.8679133508641,510.95513234633205,860,0.5,35,2019-11-01 03:00:00,2019-11-01 03:00:00,291.8679133508641,510.95513234633205,46.249208384808256,14.064198694730628,12,0 days 02:00:00
2,11,408.1356264940278,615.5881969247856,5826,0.5,36,2019-11-01 03:00:00,2019-11-01 03:00:00,408.1356264940278,615.5881969247856,46.946018309467625,14.691683339878773,13,0 days 02:00:00
3,1,18.55461754943842,132.08783295955394,9695,0.5,37,2019-11-01 04:00:00,2019-11-01 04:00:00,18.55461754943842,132.08783295955394,44.61120061887506,11.792130932291178,14,0 days 02:00:00
3,2,9.89566027453024,488.8922058089654,3952,0.5,38,2019-11-01 04:00:00,2019-11-01 04:00:00,9.89566027453024,488.8922058089654,44.55930618315216,13.931887291208188,3,0 days 03:00:00
3,3,84.79455123418504,651.3260677991723,733,0.5,39,2019-11-01 04:00:00,2019-11-01 04:00:00,84.79455123418504,651.3260677991723,45.00818652280762,14.906003405092488,5,0 days 03:00:00
3,4,171.5481502351319,527.0641483412392,2813,0.5,40,2019-11-01 04:00:00,2019-11-01 04:00:00,171.5481502351319,527.0641483412392,45.528113914080414,14.160804487803533,6,0 days 03:00:00
3,5,154.26597556788113,654.7564236500322,883,0.5,41,2019-11-01 04:00:00,2019-11-01 04:00:00,154.26597556788113,654.7564236500322,45.42453923713627,14.926575254273057,7,0 days 03:00:00
3,6,173.91333125321694,600.4888026209079,1020,0.5,42,2019-11-01 04:00:00,2019-11-01 04:00:00,173.91333125321694,600.4888026209079,45.54228880031894,14.601132249600646,8,0 days 03:00:00
3,7,207.64239843078732,65.91114725919687,543,0.5,43,2019-11-01 04:00:00,2019-11-01 04:00:00,207.64239843078732,65.91114725919687,45.7444321823763,11.395269248930713,16,0 days 00:00:00
3,9,234.18675037319852,422.46199837193905,1855,0.5,44,2019-11-01 04:00:00,2019-11-01 04:00:00,234.18675037319852,422.46199837193905,45.90351648340101,13.533505237612827,12,0 days 03:00:00
3,10,226.83956758466482,356.3801396953022,683,0.5,45,2019-11-01 04:00:00,2019-11-01 04:00:00,226.83956758466482,356.3801396953022,45.859483709839594,13.137212232055786,10,0 days 03:00:00
3,12,262.2493886722988,551.1504475781031,651,0.5,46,2019-11-01 04:00:00,2019-11-01 04:00:00,262.2493886722988,551.1504475781031,46.071700103344256,14.3052500604384,11,0 days 03:00:00
3,13,265.6747043640553,629.7767929530806,809,0.5,47,2019-11-01 04:00:00,2019-11-01 04:00:00,265.6747043640553,629.7767929530806,46.092228536428415,14.776772371532717,15,0 days 01:00:00
3,16,408.3916602340095,613.8510207785507,5071,0.5,48,2019-11-01 04:00:00,2019-11-01 04:00:00,408.3916602340095,613.8510207785507,46.947552758251774,14.681265491925341,13,0 days 03:00:00
4,1,19.6366586703505,138.07108891584033,9900,0.5,49,2019-11-01 05:00:00,2019-11-01 05:00:00,19.6366586703505,138.07108891584033,44.61768545435998,11.828012527231426,14,0 days 03:00:00
4,2,9.588313894306962,479.49365369307407,3757,0.5,50,2019-11-01 05:00:00,2019-11-01 05:00:00,9.588313894306962,479.49365369307407,44.557464209983,13.875524160078404,3,0 days 04:00:00
4,3,85.10201607806097,651.2170022191796,783,0.5,51,2019-11-01 05:00:00,2019-11-01 05:00:00,85.10201607806097,651.2170022191796,45.01002920594728,14.905349338645754,5,0 days 04:00:00
4,4,200.01926124646812,485.22015399288654,5813,0.5,52,2019-11-01 05:00:00,2019-11-01 05:00:00,200.01926124646812,485.22015399288654,45.69874557253876,13.909865990961839,17,0 days 00:00:00
4,5,153.98169047821037,654.5959283607409,930,0.5,53,2019-11-01 05:00:00,2019-11-01 05:00:00,153.98169047821037,654.5959283607409,45.42283547375639,14.925612763782556,7,0 days 04:00:00
4,6,177.6904579031268,603.3407224857841,1314,0.5,54,2019-11-01 05:00:00,2019-11-01 05:00:00,177.6904579031268,603.3407224857841,45.56492568948792,14.618235217306053,8,0 days 04:00:00
4,9,226.5726271101924,356.8325254808613,709,0.5,55,2019-11-01 05:00:00,2019-11-01 05:00:00,226.5726271101924,356.8325254808613,45.85788389535218,13.139925190290024,10,0 days 04:00:00
4,10,262.48858572814424,546.472728218353,785,0.5,56,2019-11-01 05:00:00,2019-11-01 05:00:00,262.48858572814424,546.472728218353,46.073133647343326,14.277197770424905,11,0 days 04:00:00
4,11,266.6097339144585,632.6634253247308,1060,0.5,57,2019-11-01 05:00:00,2019-11-01 05:00:00,266.6097339144585,632.6634253247308,46.09783230941884,14.794083510193287,15,0 days 02:00:00
4,16,418.67747807759275,617.9936390199595,3950,0.5,58,2019-11-01 05:00:00,2019-11-01 05:00:00,418.67747807759275,617.9936390199595,47.00919721450612,14.706108779729892,13,0 days 04:00:00
5,1,19.12676820335296,137.46571363193434,10083,0.5,59,2019-11-01 06:00:00,2019-11-01 06:00:00,19.12676820335296,137.46571363193434,44.61462960395845,11.824382090746235,14,0 days 04:00:00
5,2,9.377680442043863,473.03542225150886,3557,0.5,60,2019-11-01 06:00:00,2019-11-01 06:00:00,9.377680442043863,473.03542225150886,44.5562018519643,13.836794136440831,3,0 days 05:00:00
5,3,83.92086989374897,651.5017274642918,708,0.5,61,2019-11-01 06:00:00,2019-11-01 06:00:00,83.92086989374897,651.5017274642918,45.00295041888377,14.907056836367566,5,0 days 05:00:00
5,4,176.9913030473949,529.7855395300209,3333,0.5,62,2019-11-01 06:00:00,2019-11-01 06:00:00,176.9913030473949,529.7855395300209,45.56073554908541,14.177124674842704,6,0 days 05:00:00
5,5,153.35941156046007,656.6541797896596,761,0.5,63,2019-11-01 06:00:00,2019-11-01 06:00:00,153.35941156046007,656.6541797896596,45.41910606243425,14.937956100687614,7,0 days 05:00:00
5,6,181.11641165256418,605.8757710539742,999,0.5,64,2019-11-01 06:00:00,2019-11-01 06:00:00,181.11641165256418,605.8757710539742,45.585457946547905,14.633437907370158,8,0 days 05:00:00
5,7,234.18728652046113,422.3937725930135,2053,0.5,65,2019-11-01 06:00:00,2019-11-01 06:00:00,234.18728652046113,422.3937725930135,45.90351969661235,13.533096087514323,12,0 days 05:00:00
5,9,226.14646336941124,356.792599232847,694,0.5,66,2019-11-01 06:00:00,2019-11-01 06:00:00,226.14646336941124,356.792599232847,45.855329831837224,13.139685752520824,10,0 days 05:00:00
5,10,270.48327631557066,524.9281256044832,1477,0.5,67,2019-11-01 06:00:00,2019-11-01 06:00:00,270.48327631557066,524.9281256044832,46.12104703271318,14.147994756248774,11,0 days 05:00:00
5,11,265.1951133524049,632.9782979541287,852,0.5,68,2019-11-01 06:00:00,2019-11-01 06:00:00,265.1951133524049,632.9782979541287,46.08935427522846,14.795971801823862,15,0 days 03:00:00
5,13,421.96515511477867,616.9845135925957,3466,0.5,69,2019-11-01 06:00:00,2019-11-01 06:00:00,421.96515511477867,616.9845135925957,47.02890075839336,14.70005705302906,13,0 days 05:00:00
6,1,27.07288959213795,24.004522583570434,1203,0.5,70,2019-11-01 07:00:00,2019-11-01 07:00:00,27.07288959213795,24.004522583570434,44.66225190680219,11.143955157922461,18,0 days 00:00:00
6,2,17.066495976589394,148.65488410371776,1671,0.5,71,2019-11-01 07:00:00,2019-11-01 07:00:00,17.066495976589394,148.65488410371776,44.60228208205148,11.891483562840886,14,0 days 05:00:00
6,3,12.234507803464103,256.5694274668242,1475,0.5,72,2019-11-01 07:00:00,2019-11-01 07:00:00,12.234507803464103,256.5694274668242,44.57332324882213,12.538647241180355,19,0 days 00:00:00
6,4,9.480796324202721,439.69383763552844,2124,0.5,73,2019-11-01 07:00:00,2019-11-01 07:00:00,9.480796324202721,439.69383763552844,44.55681984098409,13.636844603511413,3,0 days 06:00:00
6,6,81.83551800357692,654.1382184405901,375,0.5,74,2019-11-01 07:00:00,2019-11-01 07:00:00,81.83551800357692,654.1382184405901,44.990452590774865,14.922867876705189,5,0 days 06:00:00
6,8,169.1850510531896,538.0176316378142,491,0.5,75,2019-11-01 07:00:00,2019-11-01 07:00:00,169.1850510531896,538.0176316378142,45.513951504599596,14.226492543555107,6,0 days 06:00:00
6,9,177.0495267576796,603.3217933710309,416,0.5,76,2019-11-01 07:00:00,2019-11-01 07:00:00,177.0495267576796,603.3217933710309,45.561084492554585,14.618121699376498,8,0 days 06:00:00
6,10,218.25011475797635,414.65424746853756,487,0.5,77,2019-11-01 07:00:00,2019-11-01 07:00:00,218.25011475797635,414.65424746853756,45.80800582474815,13.486682143739356,12,0 days 06:00:00
6,13,261.6346698665915,548.3087150143601,514,0.5,78,2019-11-01 07:00:00,2019-11-01 07:00:00,261.6346698665915,548.3087150143601,46.06801600091279,14.288208185993161,11,0 days 06:00:00
6,15,412.81579721719095,595.310744643829,1422,0.5,79,2019-11-01 07:00:00,2019-11-01 07:00:00,412.81579721719095,595.310744643829,46.97406727784275,14.5700794281489,13,0 days 06:00:00
6,16,455.1611680093384,654.6376300590309,1037,0.5,80,2019-11-01 07:00:00,2019-11-01 07:00:00,455.1611680093384,654.6376300590309,47.22784946580939,14.925862848929722,20,0 days 00:00:00
7,1,16.9181996432445,151.76251564724842,1272,0.5,81,2019-11-01 08:00:00,2019-11-01 08:00:00,16.9181996432445,151.76251564724842,44.60139331977972,11.910120033866558,14,0 days 06:00:00
7,2,11.781328450006514,257.25205898822526,1444,0.5,82,2019-11-01 08:00:00,2019-11-01 08:00:00,11.781328450006514,257.25205898822526,44.57060727666956,12.542740983437632,19,0 days 01:00:00
7,3,8.597359371450112,433.29554153739093,1499,0.5,83,2019-11-01 08:00:00,2019-11-01 08:00:00,8.597359371450112,433.29554153739093,44.5515252702056,13.598474012218237,3,0 days 07:00:00
7,10,261.39147619639164,548.2871247735453,440,0.5,84,2019-11-01 08:00:00,2019-11-01 08:00:00,261.39147619639164,548.2871247735453,46.06655850460166,14.288078709286628,11,0 days 07:00:00
7,11,414.70637346146725,595.667213822886,1251,0.5,85,2019-11-01 08:00:00,2019-11-01 08:00:00,414.70637346146725,595.667213822886,46.98539778615605,14.57221717435014,13,0 days 07:00:00
7,12,456.6553960106402,657.092674259635,783,0.5,86,2019-11-01 08:00:00,2019-11-01 08:00:00,456.6553960106402,657.092674259635,47.236804599378836,14.940585752681468,20,0 days 01:00:00
8,1,17.01010673060381,155.79455848323536,878,0.5,87,2019-11-01 09:00:00,2019-11-01 09:00:00,17.01010673060381,155.79455848323536,44.60194413280328,11.934300200799013,14,0 days 07:00:00
8,2,7.4002922452007125,269.33253836780324,307,0.5,88,2019-11-01 09:00:00,2019-11-01 09:00:00,7.4002922452007125,269.33253836780324,44.54435106653802,12.615187636388624,19,0 days 02:00:00
8,3,5.884346034361147,439.0762813504756,1058,0.5,89,2019-11-01 09:00:00,2019-11-01 09:00:00,5.884346034361147,439.0762813504756,44.535265772466204,13.633141117544081,3,0 days 08:00:00
8,8,413.8541382150095,592.6006129898897,879,0.5,90,2019-11-01 09:00:00,2019-11-01 09:00:00,413.8541382150095,592.6006129898897,46.980290211905015,14.553826764557058,13,0 days 08:00:00
8,9,457.8320195287106,659.6024892304888,524,0.5,91,2019-11-01 09:00:00,2019-11-01 09:00:00,457.8320195287106,659.6024892304888,47.24385628142206,14.955637116824521,20,0 days 02:00:00
9,1,16.07301764113276,156.39431008586192,1294,0.5,92,2019-11-01 10:00:00,2019-11-01 10:00:00,16.07301764113276,156.39431008586192,44.596328016684865,11.93789691205914,14,0 days 08:00:00
9,4,202.77231624367207,11.126885364971661,451,0.5,93,2019-11-01 10:00:00,2019-11-01 10:00:00,202.77231624367207,11.126885364971661,45.715245045980915,11.066727948215721,21,0 days 00:00:00
9,9,457.2354428016781,660.277178964713,352,0.5,94,2019-11-01 10:00:00,2019-11-01 10:00:00,457.2354428016781,660.277178964713,47.240280907201836,14.959683232172193,20,0 days 03:00:00
10,2,189.47963645757787,17.371085782508622,1048,0.5,95,2019-11-01 11:00:00,2019-11-01 11:00:00,189.47963645757787,17.371085782508622,45.6355800130163,11.104174427481311,21,0 days 01:00:00
11,1,189.81739624178064,17.011802155009523,961,0.5,96,2019-11-01 12:00:00,2019-11-01 12:00:00,189.81739624178064,17.011802155009523,45.637604258298346,11.102019803028542,21,0 days 02:00:00
12,2,187.98809230010235,17.195437399450686,1053,0.5,97,2019-11-01 13:00:00,2019-11-01 13:00:00,187.98809230010235,17.195437399450686,45.62664096412733,11.103121063864773,21,0 days 03:00:00
12,3,457.93621058681146,661.3008854569827,316,0.5,98,2019-11-01 13:00:00,2019-11-01 13:00:00,457.93621058681146,661.3008854569827,47.24448071413329,14.965822401541127,22,0 days 00:00:00
13,2,187.1678868464552,18.332453420089944,1136,0.5,99,2019-11-01 14:00:00,2019-11-01 14:00:00,187.1678868464552,18.332453420089944,45.621725349251015,11.109939750645218,21,0 days 04:00:00
13,3,462.912981684581,661.2780300602577,440,0.5,100,2019-11-01 14:00:00,2019-11-01 14:00:00,462.912981684581,661.2780300602577,47.27430725324663,14.965685337692701,22,0 days 01:00:00
14,3,170.29671035377135,111.32867591854033,398,0.5,101,2019-11-01 15:00:00,2019-11-01 15:00:00,170.29671035377135,111.32867591854033,45.520613846298296,11.667638236393048,23,0 days 00:00:00
14,4,185.01043628945428,21.61640062405626,1415,0.5,102,2019-11-01 15:00:00,2019-11-01 15:00:00,185.01043628945428,21.61640062405626,45.608795422967624,11.129633586950863,21,0 days 05:00:00
14,9,463.3885253258384,659.5077807436556,633,0.5,103,2019-11-01 15:00:00,2019-11-01 15:00:00,463.3885253258384,659.5077807436556,47.27715725794595,14.95506914988699,22,0 days 02:00:00
15,2,120.1292292472154,525.679290363679,370,0.5,104,2019-11-01 16:00:00,2019-11-01 16:00:00,120.1292292472154,525.679290363679,45.21995257254325,14.152499492435854,24,0 days 00:00:00
15,4,149.11069994346536,275.1854448119429,365,0.5,105,2019-11-01 16:00:00,2019-11-01 16:00:00,149.11069994346536,275.1854448119429,45.393642893496796,12.650287525109103,25,0 days 00:00:00
15,5,166.76298882163093,200.95368585748548,918,0.5,106,2019-11-01 16:00:00,2019-11-01 16:00:00,166.76298882163093,200.95368585748548,45.49943572067758,12.20511955536723,26,0 days 00:00:00
15,6,171.00622749976446,117.53358336436746,1006,0.5,107,2019-11-01 16:00:00,2019-11-01 16:00:00,171.00622749976446,117.53358336436746,45.52486608946777,11.704849075648381,23,0 days 01:00:00
15,7,183.229425907564,26.311414997485727,1678,0.5,108,2019-11-01 16:00:00,2019-11-01 16:00:00,183.229425907564,26.311414997485727,45.59812155937752,11.157789595187321,21,0 days 06:00:00
15,8,192.57116616586714,226.39815033345226,607,0.5,109,2019-11-01 16:00:00,2019-11-01 16:00:00,192.57116616586714,226.39815033345226,45.654108016405026,12.357710046977225,27,0 days 00:00:00
15,9,207.96803662696053,55.32372916968798,374,0.5,110,2019-11-01 16:00:00,2019-11-01 16:00:00,207.96803662696053,55.32372916968798,45.746383781154734,11.331776486774741,28,0 days 00:00:00
15,10,229.91064176639884,244.1830185124988,1420,0.5,111,2019-11-01 16:00:00,2019-11-01 16:00:00,229.91064176639884,244.1830185124988,45.87788912017534,12.464365928110938,29,0 days 00:00:00
15,18,416.69111910982593,605.1455905364999,1098,0.5,112,2019-11-01 16:00:00,2019-11-01 16:00:00,416.69111910982593,605.1455905364999,46.99729266589792,14.629059013712146,30,0 days 00:00:00
15,19,460.07102042237113,655.0941405926079,1059,0.5,113,2019-11-01 16:00:00,2019-11-01 16:00:00,460.07102042237113,655.0941405926079,47.25727495116148,14.928600543284007,22,0 days 03:00:00
16,2,119.74357790374012,535.572299540714,319,0.5,114,2019-11-01 17:00:00,2019-11-01 17:00:00,119.74357790374012,535.572299540714,45.21764130592995,14.211827883302632,24,0 days 01:00:00
16,4,156.58978901588367,280.8241583428971,659,0.5,115,2019-11-01 17:00:00,2019-11-01 17:00:00,156.58978901588367,280.8241583428971,45.43846620129382,12.684102898608078,25,0 days 01:00:00
16,5,166.1798898814525,199.55827602572117,1238,0.5,116,2019-11-01 17:00:00,2019-11-01 17:00:00,166.1798898814525,199.55827602572117,45.49594112086486,12.196751280514068,26,0 days 01:00:00
16,6,171.18357354112757,121.87458218476257,968,0.5,117,2019-11-01 17:00:00,2019-11-01 17:00:00,171.18357354112757,121.87458218476257,45.525928951017036,11.730882052082531,23,0 days 02:00:00
16,7,183.5052009634271,25.362505126714773,1717,0.5,118,2019-11-01 17:00:00,2019-11-01 17:00:00,183.5052009634271,25.362505126714773,45.59977432084246,11.152098981269653,21,0 days 07:00:00
16,8,192.85808166104295,225.60451605991636,600,0.5,119,2019-11-01 17:00:00,2019-11-01 17:00:00,192.85808166104295,225.60451605991636,45.65582754420146,12.352950621048974,27,0 days 01:00:00
16,9,207.748235392423,54.784770633967504,339,0.5,120,2019-11-01 17:00:00,2019-11-01 17:00:00,207.748235392423,54.784770633967504,45.74506647923541,11.328544351627993,28,0 days 01:00:00
16,10,228.23740900284398,247.65270066515177,1403,0.5,121,2019-11-01 17:00:00,2019-11-01 17:00:00,228.23740900284398,247.65270066515177,45.867861184092384,12.485173617182319,29,0 days 01:00:00
16,16,281.96071290631755,505.09938963522575,492,0.5,122,2019-11-01 17:00:00,2019-11-01 17:00:00,281.96071290631755,505.09938963522575,46.18983303967827,14.029081796912896,31,0 days 00:00:00
16,17,415.76727528716157,610.0860701058001,1689,0.5,123,2019-11-01 17:00:00,2019-11-01 17:00:00,415.76727528716157,610.0860701058001,46.99175593065936,14.658687077096252,30,0 days 01:00:00
16,19,460.7823957952316,655.1561787204971,1113,0.5,124,2019-11-01 17:00:00,2019-11-01 17:00:00,460.7823957952316,655.1561787204971,47.26153833096458,14.928972586029968,22,0 days 04:00:00
17,1,80.25689744975111,656.4496644193401,372,0.5,125,2019-11-01 18:00:00,2019-11-01 18:00:00,80.25689744975111,656.4496644193401,44.98099167992146,14.936729621705188,32,0 days 00:00:00
17,4,156.63672122007213,279.99305216404247,709,0.5,126,2019-11-01 18:00:00,2019-11-01 18:00:00,156.63672122007213,279.99305216404247,45.438747473065504,12.679118753607451,25,0 days 02:00:00
17,5,166.13161242326285,200.4473933171093,846,0.5,127,2019-11-01 18:00:00,2019-11-01 18:00:00,166.13161242326285,200.4473933171093,45.49565178678325,12.202083318243533,26,0 days 02:00:00
17,6,172.35049263045335,124.1307643349094,981,0.5,128,2019-11-01 18:00:00,2019-11-01 18:00:00,172.35049263045335,124.1307643349094,45.532922472956486,11.744412379819547,23,0 days 03:00:00
17,7,183.27536246978514,26.11362522370844,1759,0.5,129,2019-11-01 18:00:00,2019-11-01 18:00:00,183.27536246978514,26.11362522370844,45.59839686411686,11.156603449617442,21,0 days 08:00:00
17,9,191.3673430957859,227.46438636636455,613,0.5,130,2019-11-01 18:00:00,2019-11-01 18:00:00,191.3673430957859,227.46438636636455,45.64689332334803,12.364104266065153,27,0 days 02:00:00
17,10,208.71545916073472,54.51629087401364,351,0.5,131,2019-11-01 18:00:00,2019-11-01 18:00:00,208.71545916073472,54.51629087401364,45.750863197024955,11.32693427810503,28,0 days 02:00:00
17,12,238.2024090072425,210.37574012177873,343,0.5,132,2019-11-01 18:00:00,2019-11-01 18:00:00,238.2024090072425,210.37574012177873,45.92758293069409,12.261623628916213,29,0 days 02:00:00
17,16,261.41166099799824,542.7352890290582,393,0.5,133,2019-11-01 18:00:00,2019-11-01 18:00:00,261.41166099799824,542.7352890290582,46.06667947515925,14.254784342003347,33,0 days 00:00:00
17,17,268.334743470238,612.8463358555302,338,0.5,134,2019-11-01 18:00:00,2019-11-01 18:00:00,268.334743470238,612.8463358555302,46.10817055161958,14.675240394935713,34,0 days 00:00:00
17,19,283.5039106772285,505.51375017815633,759,0.5,135,2019-11-01 18:00:00,2019-11-01 18:00:00,283.5039106772285,505.51375017815633,46.199081656455995,14.031566717710083,31,0 days 01:00:00
17,22,429.0800766608249,629.8544270474567,2602,0.5,136,2019-11-01 18:00:00,2019-11-01 18:00:00,429.0800766608249,629.8544270474567,47.0715415553303,14.777237943313084,30,0 days 02:00:00
18,1,80.34394217797053,656.5973647230047,368,0.5,137,2019-11-01 19:00:00,2019-11-01 19:00:00,80.34394217797053,656.5973647230047,44.981513352094,14.937615380647703,32,0 days 01:00:00
18,6,159.8104265660727,280.4150794893949,580,0.5,138,2019-11-01 19:00:00,2019-11-01 19:00:00,159.8104265660727,280.4150794893949,45.45776796743366,12.681649652110313,25,0 days 03:00:00
18,7,169.3728900043988,195.78390518898033,680,0.5,139,2019-11-01 19:00:00,2019-11-01 19:00:00,169.3728900043988,195.78390518898033,45.515077251738695,12.17411637294741,26,0 days 03:00:00
18,8,171.78982060319976,132.88980012069996,803,0.5,140,2019-11-01 19:00:00,2019-11-01 19:00:00,171.78982060319976,132.88980012069996,45.529562281012325,11.79694033055892,23,0 days 04:00:00
18,12,188.95665745781352,17.04513177255736,887,0.5,141,2019-11-01 19:00:00,2019-11-01 19:00:00,188.95665745781352,17.04513177255736,45.632445721065665,11.102219680794946,21,0 days 09:00:00
18,15,181.86880958635973,453.4999245623483,341,0.5,142,2019-11-01 19:00:00,2019-11-01 19:00:00,181.86880958635973,453.4999245623483,45.589967180740175,13.719639727510334,35,0 days 00:00:00
18,16,211.33803816773275,54.140603809733236,392,0.5,143,2019-11-01 19:00:00,2019-11-01 19:00:00,211.33803816773275,54.140603809733236,45.76658070819703,11.324681282217291,28,0 days 03:00:00
18,27,402.2417327060866,617.9779922229026,468,0.5,144,2019-11-01 19:00:00,2019-11-01 19:00:00,402.2417327060866,617.9779922229026,46.91069531587552,14.706014945864483,30,0 days 03:00:00
19,2,80.76654763076138,654.6580191777905,423,0.5,145,2019-11-01 20:00:00,2019-11-01 20:00:00,80.76654763076138,654.6580191777905,44.984046090252846,14.925985122505491,32,0 days 02:00:00
19,7,159.34004827769792,280.10528113862796,793,0.5,146,2019-11-01 20:00:00,2019-11-01 20:00:00,159.34004827769792,280.10528113862796,45.454948919472514,12.6797917909363,25,0 days 04:00:00
19,8,167.77745453019784,196.41929077563324,782,0.5,147,2019-11-01 20:00:00,2019-11-01 20:00:00,167.77745453019784,196.41929077563324,45.505515566533724,12.177926781263167,26,0 days 04:00:00
19,9,172.0874703291727,127.92386226959262,1180,0.5,148,2019-11-01 20:00:00,2019-11-01 20:00:00,172.0874703291727,127.92386226959262,45.5313461406714,11.767159593820647,23,0 days 05:00:00
19,14,184.49240859987853,25.557932137134397,1466,0.5,149,2019-11-01 20:00:00,2019-11-01 20:00:00,184.49240859987853,25.557932137134397,45.60569080496502,11.153270957344134,21,0 days 10:00:00
19,15,181.83933891694093,453.5253933694963,343,0.5,150,2019-11-01 20:00:00,2019-11-01 20:00:00,181.83933891694093,453.5253933694963,45.58979055857756,13.719792463984986,35,0 days 01:00:00
19,17,212.27179180547765,53.32748329945538,464,0.5,151,2019-11-01 20:00:00,2019-11-01 20:00:00,212.27179180547765,53.32748329945538,45.77217683445064,11.319804997298082,28,0 days 04:00:00
19,22,276.1233164024591,131.4706791744114,329,0.5,152,2019-11-01 20:00:00,2019-11-01 20:00:00,276.1233164024591,131.4706791744114,46.15484864282296,11.788429860116409,29,0 days 04:00:00
19,24,376.9139484560403,15.16562490916344,442,0.5,153,2019-11-01 20:00:00,2019-11-01 20:00:00,376.9139484560403,15.16562490916344,46.75890208834956,11.090948275317324,36,0 days 00:00:00
19,25,400.42139784969726,619.4295146445749,462,0.5,154,2019-11-01 20:00:00,2019-11-01 20:00:00,400.42139784969726,619.4295146445749,46.89978577478414,14.714719728003448,30,0 days 04:00:00
20,1,80.80706197264382,654.6639572656287,418,0.5,155,2019-11-01 21:00:00,2019-11-01 21:00:00,80.80706197264382,654.6639572656287,44.98428889880865,14.926020733227158,32,0 days 03:00:00
20,6,154.71823951834594,527.8526873127801,510,0.5,156,2019-11-01 21:00:00,2019-11-01 21:00:00,154.71823951834594,527.8526873127801,45.42724972314077,14.16553335719808,35,0 days 02:00:00
20,7,158.5073227119087,279.7015958465668,877,0.5,157,2019-11-01 21:00:00,2019-11-01 21:00:00,158.5073227119087,279.7015958465668,45.44995826967754,12.677370889634583,25,0 days 05:00:00
20,8,165.45128511660155,195.73604493396283,1164,0.5,158,2019-11-01 21:00:00,2019-11-01 21:00:00,165.45128511660155,195.73604493396283,45.49157448271936,12.173829354926314,26,0 days 05:00:00
20,9,171.7270361784667,127.09002664185286,1357,0.5,159,2019-11-01 21:00:00,2019-11-01 21:00:00,171.7270361784667,127.09002664185286,45.52918600449423,11.762159080310962,23,0 days 06:00:00
20,12,183.84258357695307,27.442745107529277,1749,0.5,160,2019-11-01 21:00:00,2019-11-01 21:00:00,183.84258357695307,27.442745107529277,45.60179630568379,11.164574183553398,21,0 days 11:00:00
20,15,211.89612695845113,53.35361235220288,482,0.5,161,2019-11-01 21:00:00,2019-11-01 21:00:00,211.89612695845113,53.35361235220288,45.769925418415376,11.319961693266583,28,0 days 05:00:00
20,22,277.1376223558217,129.6403775695799,451,0.5,162,2019-11-01 21:00:00,2019-11-01 21:00:00,277.1376223558217,129.6403775695799,46.16092753124208,11.777453538648157,29,0 days 05:00:00
20,25,376.9906431592812,14.919411808161858,396,0.5,163,2019-11-01 21:00:00,2019-11-01 21:00:00,376.9906431592812,14.919411808161858,46.759361731262814,11.089471734981482,36,0 days 01:00:00
21,1,7.592261331973483,177.95133266406768,388,0.5,164,2019-11-01 22:00:00,2019-11-01 22:00:00,7.592261331973483,177.95133266406768,44.54550156620189,12.067174408780016,37,0 days 00:00:00
21,2,81.29294160824956,656.432572684983,306,0.5,165,2019-11-01 22:00:00,2019-11-01 22:00:00,81.29294160824956,656.432572684983,44.98720084867958,14.936627122548625,32,0 days 04:00:00
21,4,144.57587959942214,544.0282537073771,1554,0.5,166,2019-11-01 22:00:00,2019-11-01 22:00:00,144.57587959942214,544.0282537073771,45.36646503184585,14.262538253117702,35,0 days 03:00:00
21,5,127.96171659213468,442.2564373783213,814,0.5,167,2019-11-01 22:00:00,2019-11-01 22:00:00,127.96171659213468,442.2564373783213,45.266893849439164,13.65221251801092,38,0 days 00:00:00
21,7,160.36360963953052,281.76274467331746,860,0.5,168,2019-11-01 22:00:00,2019-11-01 22:00:00,160.36360963953052,281.76274467331746,45.46108327694924,12.689731602238785,25,0 days 06:00:00
21,8,168.67843698544155,198.59956750928794,1037,0.5,169,2019-11-01 22:00:00,2019-11-01 22:00:00,168.67843698544155,198.59956750928794,45.510915290152475,12.191001904103675,26,0 days 06:00:00
21,10,172.3540625715524,127.49704761073917,1547,0.5,170,2019-11-01 22:00:00,2019-11-01 22:00:00,172.3540625715524,127.49704761073917,45.53294386815143,11.764599985671598,23,0 days 07:00:00
21,13,174.83213434536265,445.49775770844013,1005,0.5,171,2019-11-01 22:00:00,2019-11-01 22:00:00,174.83213434536265,445.49775770844013,45.54779532569995,13.671650720890195,39,0 days 00:00:00
21,14,191.86365261491835,36.79636246352757,2654,0.5,172,2019-11-01 22:00:00,2019-11-01 22:00:00,191.86365261491835,36.79636246352757,45.64986778108256,11.220667840860735,21,0 days 12:00:00
21,15,189.04410503883076,223.80346132933977,733,0.5,173,2019-11-01 22:00:00,2019-11-01 22:00:00,189.04410503883076,223.80346132933977,45.632969807595735,12.342149693129475,40,0 days 00:00:00
21,19,229.50187122199324,245.73517252642466,1729,0.5,174,2019-11-01 22:00:00,2019-11-01 22:00:00,229.50187122199324,245.73517252642466,45.87543929670715,12.473674198059518,41,0 days 00:00:00
21,23,269.7245088601238,184.45705887973605,436,0.5,175,2019-11-01 22:00:00,2019-11-01 22:00:00,269.7245088601238,184.45705887973605,46.11649962501786,12.106189258649092,42,0 days 00:00:00
21,24,286.49382795017686,119.68964927978223,1016,0.5,176,2019-11-01 22:00:00,2019-11-01 22:00:00,286.49382795017686,119.68964927978223,46.21700068120825,11.717779006175606,29,0 days 06:00:00
21,25,276.8515292930241,460.2056737429348,340,0.5,177,2019-11-01 22:00:00,2019-11-01 22:00:00,276.8515292930241,460.2056737429348,46.15921293240682,13.759854115399909,43,0 days 00:00:00
22,3,128.4905906446864,442.1009258671078,717,0.5,178,2019-11-01 23:00:00,2019-11-01 23:00:00,128.4905906446864,442.1009258671078,45.27006347132946,13.651279915245023,38,0 days 01:00:00
22,4,143.22059356964152,550.1040000800277,1011,0.5,179,2019-11-01 23:00:00,2019-11-01 23:00:00,143.22059356964152,550.1040000800277,45.358342598448196,14.298974513223554,35,0 days 04:00:00
22,5,157.8760590857563,279.56299342514524,921,0.5,180,2019-11-01 23:00:00,2019-11-01 23:00:00,157.8760590857563,279.56299342514524,45.44617501164409,12.67653969070552,25,0 days 07:00:00
22,6,166.21738739977786,197.1421465580054,1211,0.5,181,2019-11-01 23:00:00,2019-11-01 23:00:00,166.21738739977786,197.1421465580054,45.4961658491425,12.182261748473795,26,0 days 07:00:00
22,7,170.99945201021958,127.35680864509344,1570,0.5,182,2019-11-01 23:00:00,2019-11-01 23:00:00,170.99945201021958,127.35680864509344,45.524825482937956,11.763758972384368,23,0 days 08:00:00
22,11,184.65348552195482,28.428197473559823,1750,0.5,183,2019-11-01 23:00:00,2019-11-01 23:00:00,184.65348552195482,28.428197473559823,45.606656163230895,11.170483942869923,21,0 days 13:00:00
22,13,179.30652742432147,453.1790108717461,682,0.5,184,2019-11-01 23:00:00,2019-11-01 23:00:00,179.30652742432147,453.1790108717461,45.57461103764576,13.717715207626663,39,0 days 01:00:00
22,15,192.64739845283145,223.73618289286696,342,0.5,185,2019-11-01 23:00:00,2019-11-01 23:00:00,192.64739845283145,223.73618289286696,45.65456488798786,12.341746224245078,40,0 days 01:00:00
22,16,212.10273600134096,51.54492171779416,503,0.5,186,2019-11-01 23:00:00,2019-11-01 23:00:00,212.10273600134096,51.54492171779416,45.77116365754228,11.309114972820355,28,0 days 07:00:00
22,18,224.02880780902652,270.12936393574483,545,0.5,187,2019-11-01 23:00:00,2019-11-01 23:00:00,224.02880780902652,270.12936393574483,45.84263840296506,12.619966200514211,41,0 days 01:00:00
22,21,272.79675897177896,183.08282309081173,356,0.5,188,2019-11-01 23:00:00,2019-11-01 23:00:00,272.79675897177896,183.08282309081173,46.13491208287881,12.097947964562588,42,0 days 01:00:00
22,22,274.35048903110646,456.1535157501308,848,0.5,189,2019-11-01 23:00:00,2019-11-01 23:00:00,274.35048903110646,456.1535157501308,46.14422382124807,13.735553317841864,43,0 days 01:00:00
22,23,275.94333878114224,131.33111869768504,325,0.5,190,2019-11-01 23:00:00,2019-11-01 23:00:00,275.94333878114224,131.33111869768504,46.15377000981849,11.787592915728245,29,0 days 07:00:00
22,28,463.4733434054024,651.2142555260988,903,0.5,191,2019-11-01 23:00:00,2019-11-01 23:00:00,463.4733434054024,651.2142555260988,47.27766558547758,14.905332866723231,44,0 days 00:00:00
23,2,142.16831165429096,550.4283577681684,1117,0.5,192,2019-11-02 00:00:00,2019-11-02 00:00:00,142.16831165429096,550.4283577681684,45.35203611436647,14.300919686765628,35,0 days 05:00:00
23,4,166.71912529474278,160.98578393375354,3223,0.5,193,2019-11-02 00:00:00,2019-11-02 00:00:00,166.71912529474278,160.98578393375354,45.49917283995137,11.965431987608715,23,0 days 09:00:00
23,5,156.14258497953256,279.6853366940771,567,0.5,194,2019-11-02 00:00:00,2019-11-02 00:00:00,156.14258497953256,279.6853366940771,45.435786040117065,12.677273383472727,25,0 days 08:00:00
23,10,184.14857516603394,29.223756236088757,1634,0.5,195,2019-11-02 00:00:00,2019-11-02 00:00:00,184.14857516603394,29.223756236088757,45.603630159385474,11.175254909961552,21,0 days 14:00:00
23,12,180.79891392036058,452.3143614720379,555,0.5,196,2019-11-02 00:00:00,2019-11-02 00:00:00,180.79891392036058,452.3143614720379,45.58355513479668,13.712529903880288,39,0 days 02:00:00
23,16,211.98920961392173,51.786158016857875,514,0.5,197,2019-11-02 00:00:00,2019-11-02 00:00:00,211.98920961392173,51.786158016857875,45.77048327679576,11.310561667267514,28,0 days 08:00:00
23,18,223.96615813430955,269.8426476808794,500,0.5,198,2019-11-02 00:00:00,2019-11-02 00:00:00,223.96615813430955,269.8426476808794,45.84226293402411,12.618246762703926,41,0 days 02:00:00
23,21,272.755113774784,183.06400644952876,355,0.5,199,2019-11-02 00:00:00,2019-11-02 00:00:00,272.755113774784,183.06400644952876,46.13466249693792,12.097835121136605,42,0 days 02:00:00
23,22,275.1202092876473,458.43719378589157,1085,0.5,200,2019-11-02 00:00:00,2019-11-02 00:00:00,275.1202092876473,458.43719378589157,46.14883687073076,13.749248538446125,43,0 days 02:00:00
23,23,269.49461432689145,583.8830784220618,554,0.5,201,2019-11-02 00:00:00,2019-11-02 00:00:00,269.49461432689145,583.8830784220618,46.11512183243856,14.501547696684028,45,0 days 00:00:00
23,27,461.60984270033106,633.2207087225393,2710,0.5,202,2019-11-02 00:00:00,2019-11-02 00:00:00,461.60984270033106,633.2207087225393,47.266497344950615,14.797425539565452,44,0 days 01:00:00
24,2,143.76741238860885,550.1126079437006,938,0.5,203,2019-11-02 01:00:00,2019-11-02 01:00:00,143.76741238860885,550.1126079437006,45.361619766027616,14.299026134594905,35,0 days 06:00:00
24,3,166.63249549295702,159.77438981579382,3260,0.5,204,2019-11-02 01:00:00,2019-11-02 01:00:00,166.63249549295702,159.77438981579382,45.49865365449546,11.95816725526713,23,0 days 10:00:00
24,4,152.5059374038518,274.93163447620134,345,0.5,205,2019-11-02 01:00:00,2019-11-02 01:00:00,152.5059374038518,274.93163447620134,45.413991063208016,12.648765424145136,25,0 days 09:00:00
24,6,184.28754547729392,27.751068602406065,1689,0.5,206,2019-11-02 01:00:00,2019-11-02 01:00:00,184.28754547729392,27.751068602406065,45.604463029401586,11.166423200014428,21,0 days 15:00:00
24,9,181.46630663355853,452.08839342950944,424,0.5,207,2019-11-02 01:00:00,2019-11-02 01:00:00,181.46630663355853,452.08839342950944,45.5875549198929,13.71117477319046,39,0 days 03:00:00
24,10,211.96660218442653,52.10124882714661,512,0.5,208,2019-11-02 01:00:00,2019-11-02 01:00:00,211.96660218442653,52.10124882714661,45.770347787064196,11.312451267329214,28,0 days 09:00:00
24,11,212.9934536069958,78.50247788951725,315,0.5,209,2019-11-02 01:00:00,2019-11-02 01:00:00,212.9934536069958,78.50247788951725,45.776501862370694,11.470779477598303,46,0 days 00:00:00
24,12,223.75019521078875,271.6049412936095,520,0.5,210,2019-11-02 01:00:00,2019-11-02 01:00:00,223.75019521078875,271.6049412936095,45.840968635681094,12.628815240141586,41,0 days 03:00:00
24,16,269.62233695476203,583.2051624199978,834,0.5,211,2019-11-02 01:00:00,2019-11-02 01:00:00,269.62233695476203,583.2051624199978,46.115887293393264,14.497482233403286,45,0 days 01:00:00
24,17,275.0397153337547,458.08965334603096,1164,0.5,212,2019-11-02 01:00:00,2019-11-02 01:00:00,275.0397153337547,458.08965334603096,46.14835445833586,13.74716433790723,43,0 days 03:00:00
24,18,272.95705194016625,183.03023570542229,360,0.5,213,2019-11-02 01:00:00,2019-11-02 01:00:00,272.95705194016625,183.03023570542229,46.13587274279209,12.097632597933567,42,0 days 03:00:00
24,19,277.720718691835,131.7524045131014,587,0.5,214,2019-11-02 01:00:00,2019-11-02 01:00:00,277.720718691835,131.7524045131014,46.164422115447636,11.790119367394912,29,0 days 09:00:00
24,22,457.4721574268676,626.2812499285351,3399,0.5,215,2019-11-02 01:00:00,2019-11-02 01:00:00,457.4721574268676,626.2812499285351,47.241699573619925,14.755809594773824,44,0 days 02:00:00
25,2,150.55097087346996,546.2021673342178,448,0.5,216,2019-11-02 02:00:00,2019-11-02 02:00:00,150.55097087346996,546.2021673342178,45.40227465420744,14.275575216397108,35,0 days 07:00:00
25,3,166.43572264000372,158.69785330475992,3286,0.5,217,2019-11-02 02:00:00,2019-11-02 02:00:00,166.43572264000372,158.69785330475992,45.49747436513701,11.95171126419646,23,0 days 11:00:00
25,6,183.47906852140946,27.49742418185706,1718,0.5,218,2019-11-02 02:00:00,2019-11-02 02:00:00,183.47906852140946,27.49742418185706,45.59961770517968,11.16490209404412,21,0 days 16:00:00
25,9,211.75496328381763,52.64071529965816,525,0.5,219,2019-11-02 02:00:00,2019-11-02 02:00:00,211.75496328381763,52.64071529965816,45.76907940324206,11.315686448573661,28,0 days 10:00:00
25,10,212.88461796737695,78.07886421103085,332,0.5,220,2019-11-02 02:00:00,2019-11-02 02:00:00,212.88461796737695,78.07886421103085,45.775849593982564,11.46823906573332,46,0 days 01:00:00
25,11,224.77850466560773,271.71209356445513,471,0.5,221,2019-11-02 02:00:00,2019-11-02 02:00:00,224.77850466560773,271.71209356445513,45.84713144919456,12.629457832470496,41,0 days 04:00:00
25,15,269.6397917329607,583.2648895587212,834,0.5,222,2019-11-02 02:00:00,2019-11-02 02:00:00,269.6397917329607,583.2648895587212,46.11599190250919,14.497840417143758,45,0 days 02:00:00
25,16,277.6647084126771,131.43620336262035,729,0.5,223,2019-11-02 02:00:00,2019-11-02 02:00:00,277.6647084126771,131.43620336262035,46.16408643740475,11.788223108621413,29,0 days 10:00:00
25,17,272.8263324962653,182.96139167594137,365,0.5,224,2019-11-02 02:00:00,2019-11-02 02:00:00,272.8263324962653,182.96139167594137,46.13508932146734,12.097219740185555,42,0 days 04:00:00
25,18,274.30877742220696,457.55244768817687,1178,0.5,225,2019-11-02 02:00:00,2019-11-02 02:00:00,274.30877742220696,457.55244768817687,46.143973837290616,13.743942714771677,43,0 days 04:00:00
25,25,454.11333660187967,621.6761875877162,4034,0.5,226,2019-11-02 02:00:00,2019-11-02 02:00:00,454.11333660187967,621.6761875877162,47.22156965429208,14.728193029011791,44,0 days 03:00:00
26,1,149.13270516469404,545.9445159839113,364,0.5,227,2019-11-02 03:00:00,2019-11-02 03:00:00,149.13270516469404,545.9445159839113,45.39377477410348,14.274030080863037,35,0 days 08:00:00
26,2,166.71410907908495,159.69734290103798,3482,0.5,228,2019-11-02 03:00:00,2019-11-02 03:00:00,166.71410907908495,159.69734290103798,45.49914277701506,11.957705204803826,23,0 days 12:00:00
26,4,190.7444457977056,36.970130855390295,1988,0.5,229,2019-11-02 03:00:00,2019-11-02 03:00:00,190.7444457977056,36.970130855390295,45.64316020597939,11.22170993016726,21,0 days 17:00:00
26,6,212.9757332608597,78.87158691115518,310,0.5,230,2019-11-02 03:00:00,2019-11-02 03:00:00,212.9757332608597,78.87158691115518,45.7763956616661,11.472993024954453,46,0 days 02:00:00
26,7,225.16018675455695,271.78386314556155,466,0.5,231,2019-11-02 03:00:00,2019-11-02 03:00:00,225.16018675455695,271.78386314556155,45.84941892746738,12.629888234755992,41,0 days 05:00:00
26,10,269.68855612844584,583.2993258771064,840,0.5,232,2019-11-02 03:00:00,2019-11-02 03:00:00,269.68855612844584,583.2993258771064,46.11628415487939,14.49804693179674,45,0 days 03:00:00
26,11,274.61145989856095,457.78777294344684,1195,0.5,233,2019-11-02 03:00:00,2019-11-02 03:00:00,274.61145989856095,457.78777294344684,46.145787858981095,13.74535396068034,43,0 days 05:00:00
26,12,276.7568570458276,131.04794114119235,616,0.5,234,2019-11-02 03:00:00,2019-11-02 03:00:00,276.7568570458276,131.04794114119235,46.1586455473637,11.785894699497405,29,0 days 11:00:00
26,13,273.03009678134396,182.96513076361055,352,0.5,235,2019-11-02 03:00:00,2019-11-02 03:00:00,273.03009678134396,182.96513076361055,46.136310511532024,12.097242163499914,42,0 days 05:00:00
26,17,452.90663441618955,619.8111319517645,4317,0.5,236,2019-11-02 03:00:00,2019-11-02 03:00:00,452.90663441618955,619.8111319517645,47.21433770626141,14.717008287566804,44,0 days 04:00:00
27,2,167.49829725046555,162.8062937885636,2526,0.5,237,2019-11-02 04:00:00,2019-11-02 04:00:00,167.49829725046555,162.8062937885636,45.50384253489149,11.976349587937413,23,0 days 13:00:00
27,4,188.62844149405416,17.501405719523575,988,0.5,238,2019-11-02 04:00:00,2019-11-02 04:00:00,188.62844149405416,17.501405719523575,45.630478673337656,11.104955956338973,21,0 days 18:00:00
27,8,269.74083116301637,584.1508977687178,927,0.5,239,2019-11-02 04:00:00,2019-11-02 04:00:00,269.74083116301637,584.1508977687178,46.11659744703863,14.503153809707454,45,0 days 04:00:00
27,10,274.21555996575415,457.16261007171613,986,0.5,240,2019-11-02 04:00:00,2019-11-02 04:00:00,274.21555996575415,457.16261007171613,46.143415171027634,13.741604858001295,43,0 days 06:00:00
27,11,274.0384011658727,132.22878468249564,347,0.5,241,2019-11-02 04:00:00,2019-11-02 04:00:00,274.0384011658727,132.22878468249564,46.142353431644786,11.79297621998498,29,0 days 12:00:00
27,14,450.95264798849206,617.7159598754477,4307,0.5,242,2019-11-02 04:00:00,2019-11-02 04:00:00,450.95264798849206,617.7159598754477,47.20262717116391,14.704443537483945,44,0 days 05:00:00
28,1,168.69560804355459,154.44170159652228,2359,0.5,243,2019-11-02 05:00:00,2019-11-02 05:00:00,168.69560804355459,154.44170159652228,45.511018198891165,11.926187116021126,23,0 days 14:00:00
28,3,185.89332918397153,18.969410156316364,922,0.5,244,2019-11-02 05:00:00,2019-11-02 05:00:00,185.89332918397153,18.969410156316364,45.614086733123116,11.113759581147324,21,0 days 19:00:00
28,4,213.80530081040322,51.66379081905363,415,0.5,245,2019-11-02 05:00:00,2019-11-02 05:00:00,213.80530081040322,51.66379081905363,45.78136738499386,11.309827830998822,46,0 days 04:00:00
28,8,270.4420063018931,584.7262295763899,907,0.5,246,2019-11-02 05:00:00,2019-11-02 05:00:00,270.4420063018931,584.7262295763899,46.120799695302445,14.506604075420631,45,0 days 05:00:00
28,9,274.662736982774,459.00144949277984,1190,0.5,247,2019-11-02 05:00:00,2019-11-02 05:00:00,274.662736982774,459.00144949277984,46.14609517027347,13.752632380766297,43,0 days 07:00:00
28,10,274.26068910251456,131.7980021979698,407,0.5,248,2019-11-02 05:00:00,2019-11-02 05:00:00,274.26068910251456,131.7980021979698,46.14368563674452,11.79039281677943,29,0 days 13:00:00
28,13,449.0618072307551,615.4050580224124,4591,0.5,249,2019-11-02 05:00:00,2019-11-02 05:00:00,449.0618072307551,615.4050580224124,47.19129507758158,14.69058505560667,44,0 days 06:00:00
29,1,168.6459843789968,164.41735415802387,3655,0.5,250,2019-11-02 06:00:00,2019-11-02 06:00:00,168.6459843789968,164.41735415802387,45.51072079679194,11.98601111938845,23,0 days 15:00:00
29,3,161.6830815906473,285.6400659437631,378,0.5,251,2019-11-02 06:00:00,2019-11-02 06:00:00,161.6830815906473,285.6400659437631,45.468991071176816,12.712983903710724,47,0 days 00:00:00
29,4,189.82170959965177,42.610995623816,1718,0.5,252,2019-11-02 06:00:00,2019-11-02 06:00:00,189.82170959965177,42.610995623816,45.63763010890202,11.255538204640576,21,0 days 20:00:00
29,6,179.8410149491869,455.57499277500887,333,0.5,253,2019-11-02 06:00:00,2019-11-02 06:00:00,179.8410149491869,455.57499277500887,45.57781430192149,13.732083914692705,48,0 days 00:00:00
29,10,215.1844244445672,77.52771585235519,424,0.5,254,2019-11-02 06:00:00,2019-11-02 06:00:00,215.1844244445672,77.52771585235519,45.78963268074655,11.464933828200031,46,0 days 05:00:00
29,11,226.43886039060354,270.9118774548098,718,0.5,255,2019-11-02 06:00:00,2019-11-02 06:00:00,226.43886039060354,270.9118774548098,45.85708221124506,12.624658935261227,49,0 days 00:00:00
29,12,272.94481818508046,136.64794839038268,1701,0.5,256,2019-11-02 06:00:00,2019-11-02 06:00:00,272.94481818508046,136.64794839038268,46.135799424054426,11.819477951366615,29,0 days 14:00:00
29,14,264.2505315820232,180.36591558579718,590,0.5,257,2019-11-02 06:00:00,2019-11-02 06:00:00,264.2505315820232,180.36591558579718,46.08369325434431,12.081654666181691,50,0 days 00:00:00
29,15,247.6677692601304,374.13984640030554,501,0.5,258,2019-11-02 06:00:00,2019-11-02 06:00:00,247.6677692601304,374.13984640030554,45.98431026097681,13.243717219791938,51,0 days 00:00:00
29,17,270.3228946218912,409.59880751477266,567,0.5,259,2019-11-02 06:00:00,2019-11-02 06:00:00,270.3228946218912,409.59880751477266,46.120085841055854,13.45636466275726,52,0 days 00:00:00
29,20,269.9620911323014,583.2286608420037,931,0.5,260,2019-11-02 06:00:00,2019-11-02 06:00:00,269.9620911323014,583.2286608420037,46.117923491375095,14.497623153475285,45,0 days 06:00:00
29,21,276.3971142657157,458.81029932708157,1303,0.5,261,2019-11-02 06:00:00,2019-11-02 06:00:00,276.3971142657157,458.81029932708157,46.156489554674664,13.75148605293602,43,0 days 08:00:00
29,22,280.20134095800415,236.25964929401587,476,0.5,262,2019-11-02 06:00:00,2019-11-02 06:00:00,280.20134095800415,236.25964929401587,46.179288858481186,12.41684947102858,53,0 days 00:00:00
29,24,298.419670414628,502.78349961010974,552,0.5,263,2019-11-02 06:00:00,2019-11-02 06:00:00,298.419670414628,502.78349961010974,46.28847405214246,14.015193400960179,54,0 days 00:00:00
29,25,306.7244531021532,85.80853841464781,566,0.5,264,2019-11-02 06:00:00,2019-11-02 06:00:00,306.7244531021532,85.80853841464781,46.33824586619441,11.514593933521125,55,0 days 00:00:00
29,26,347.78320920886466,82.16343156911353,703,0.5,265,2019-11-02 06:00:00,2019-11-02 06:00:00,347.78320920886466,82.16343156911353,46.584317178477775,11.492734222303529,56,0 days 00:00:00
29,27,376.87611169446643,20.440610008222198,980,0.5,266,2019-11-02 06:00:00,2019-11-02 06:00:00,376.87611169446643,20.440610008222198,46.758675326936014,11.1225823688649,57,0 days 00:00:00
29,28,417.15236311989133,580.7613254491891,5076,0.5,267,2019-11-02 06:00:00,2019-11-02 06:00:00,417.15236311989133,580.7613254491891,47.00005697075277,14.482826539425423,44,0 days 07:00:00
29,30,425.1448482630353,519.4465492176582,1211,0.5,268,2019-11-02 06:00:00,2019-11-02 06:00:00,425.1448482630353,519.4465492176582,47.047957138562715,14.11512173443873,58,0 days 00:00:00
30,1,166.2564070742246,185.98520741916965,814,0.5,269,2019-11-02 07:00:00,2019-11-02 07:00:00,166.2564070742246,185.98520741916965,45.49639969993114,12.115353567731153,23,0 days 16:00:00
30,2,175.1022882018383,131.23028441006633,978,0.5,270,2019-11-02 07:00:00,2019-11-02 07:00:00,175.1022882018383,131.23028441006633,45.54941439846992,11.786988212354222,46,0 days 06:00:00
30,3,185.3865406012803,18.09333394024343,999,0.5,271,2019-11-02 07:00:00,2019-11-02 07:00:00,185.3865406012803,18.09333394024343,45.61104947278165,11.108505750766078,21,0 days 21:00:00
30,6,259.23178953325606,178.16768758206618,315,0.5,272,2019-11-02 07:00:00,2019-11-02 07:00:00,259.23178953325606,178.16768758206618,46.05361517699726,12.068471889547624,50,0 days 01:00:00
30,7,266.269367378743,135.73358983407556,452,0.5,273,2019-11-02 07:00:00,2019-11-02 07:00:00,266.269367378743,135.73358983407556,46.09579244148219,11.813994541733589,29,0 days 15:00:00
30,8,269.6551426959459,582.9961067341045,821,0.5,274,2019-11-02 07:00:00,2019-11-02 07:00:00,269.6551426959459,582.9961067341045,46.11608390314352,14.496228526141556,45,0 days 07:00:00
30,9,275.47173590667455,458.0527337687728,1250,0.5,275,2019-11-02 07:00:00,2019-11-02 07:00:00,275.47173590667455,458.0527337687728,46.15094362272836,13.746942931147062,43,0 days 09:00:00
30,14,428.04451232954915,591.7881213805938,5565,0.5,276,2019-11-02 07:00:00,2019-11-02 07:00:00,428.04451232954915,591.7881213805938,47.065335262249,14.548954251157983,44,0 days 08:00:00
31,2,167.71540112954025,188.34334412957054,806,0.5,277,2019-11-02 08:00:00,2019-11-02 08:00:00,167.71540112954025,188.34334412957054,45.50514367115308,12.129495317118863,23,0 days 17:00:00
31,3,175.28829727010262,25.58415811212931,423,0.5,278,2019-11-02 08:00:00,2019-11-02 08:00:00,175.28829727010262,25.58415811212931,45.5505291788448,11.153428234555497,21,0 days 22:00:00
31,4,177.20412360543892,126.23994153226941,944,0.5,279,2019-11-02 08:00:00,2019-11-02 08:00:00,177.20412360543892,126.23994153226941,45.56201101475862,11.757061118634299,46,0 days 07:00:00
31,5,212.46900192563484,52.31396259995554,379,0.5,280,2019-11-02 08:00:00,2019-11-02 08:00:00,212.46900192563484,52.31396259995554,45.77335874441733,11.313726912143661,55,0 days 02:00:00
31,8,270.0202922920836,181.73484931098534,305,0.5,281,2019-11-02 08:00:00,2019-11-02 08:00:00,270.0202922920836,181.73484931098534,46.118272299695704,12.089864163784021,50,0 days 02:00:00
31,10,275.50083846499956,458.01349840142274,1262,0.5,282,2019-11-02 08:00:00,2019-11-02 08:00:00,275.50083846499956,458.01349840142274,46.151118038745715,13.74670763659024,43,0 days 10:00:00
31,12,269.1977668514808,584.2024931771247,692,0.5,283,2019-11-02 08:00:00,2019-11-02 08:00:00,269.1977668514808,584.2024931771247,46.11334278078798,14.503463227449025,45,0 days 08:00:00
31,13,278.4029601654275,131.01749373474865,686,0.5,284,2019-11-02 08:00:00,2019-11-02 08:00:00,278.4029601654275,131.01749373474865,46.168510891402384,11.785712106355314,29,0 days 16:00:00
31,15,298.17764310959984,506.7738481303174,303,0.5,285,2019-11-02 08:00:00,2019-11-02 08:00:00,298.17764310959984,506.7738481303174,46.287023546033566,14.039123527018395,54,0 days 02:00:00
31,19,367.5842658957627,515.6325676305979,971,0.5,286,2019-11-02 08:00:00,2019-11-02 08:00:00,367.5842658957627,515.6325676305979,46.70298789492323,14.092249281143015,59,0 days 00:00:00
31,24,455.9138612767832,621.4561452575095,4354,0.5,287,2019-11-02 08:00:00,2019-11-02 08:00:00,455.9138612767832,621.4561452575095,47.23236046998072,14.726873434827644,44,0 days 09:00:00
31,25,430.56011076986897,524.2589049123039,617,0.5,288,2019-11-02 08:00:00,2019-11-02 08:00:00,430.56011076986897,524.2589049123039,47.08041162276463,14.143981438754446,58,0 days 02:00:00
32,2,126.54337801469357,453.0176097998398,576,0.5,289,2019-11-02 09:00:00,2019-11-02 09:00:00,126.54337801469357,453.0176097998398,45.25839353262231,13.71674728515646,60,0 days 00:00:00
32,3,168.8535301330046,164.9422133766308,4049,0.5,290,2019-11-02 09:00:00,2019-11-02 09:00:00,168.8535301330046,164.9422133766308,45.51196464976972,11.98915870090933,46,0 days 08:00:00
32,4,165.91368076207044,542.8433112424711,942,0.5,291,2019-11-02 09:00:00,2019-11-02 09:00:00,165.91368076207044,542.8433112424711,45.494345689498715,14.255432151379138,61,0 days 00:00:00
32,5,158.24458144199875,281.61051093984554,538,0.5,292,2019-11-02 09:00:00,2019-11-02 09:00:00,158.24458144199875,281.61051093984554,45.44838362165581,12.688818656310918,23,0 days 18:00:00
32,6,165.84941283402503,599.6209647491024,805,0.5,293,2019-11-02 09:00:00,2019-11-02 09:00:00,165.84941283402503,599.6209647491024,45.493960522121725,14.595927824582326,62,0 days 00:00:00
32,7,189.23935694532116,34.56208693801859,2291,0.5,294,2019-11-02 09:00:00,2019-11-02 09:00:00,189.23935694532116,34.56208693801859,45.63413998169285,11.207268887184519,21,0 days 23:00:00
32,8,181.03618468006502,456.96570962055966,1875,0.5,295,2019-11-02 09:00:00,2019-11-02 09:00:00,181.03618468006502,456.96570962055966,45.58497713421272,13.74042404570051,63,0 days 00:00:00
32,12,214.1363310630953,77.74613790750672,473,0.5,296,2019-11-02 09:00:00,2019-11-02 09:00:00,214.1363310630953,77.74613790750672,45.78335129917951,11.466243705592245,55,0 days 03:00:00
32,13,229.6719608496519,270.8425994565731,909,0.5,297,2019-11-02 09:00:00,2019-11-02 09:00:00,229.6719608496519,270.8425994565731,45.87645866947565,12.624243475001936,64,0 days 00:00:00
32,15,277.0117121566155,138.6031174832231,1605,0.5,298,2019-11-02 09:00:00,2019-11-02 09:00:00,277.0117121566155,138.6031174832231,46.16017293244547,11.831203103347665,29,0 days 17:00:00
32,16,262.9109775781458,180.51945711527452,760,0.5,299,2019-11-02 09:00:00,2019-11-02 09:00:00,262.9109775781458,180.51945711527452,46.07566510534848,12.082575454964164,50,0 days 03:00:00
32,17,253.69504853538805,392.263120862568,1639,0.5,300,2019-11-02 09:00:00,2019-11-02 09:00:00,253.69504853538805,392.263120862568,46.02043265389359,13.352402523913451,65,0 days 00:00:00
32,19,275.9860296640957,458.9636287792903,1325,0.5,301,2019-11-02 09:00:00,2019-11-02 09:00:00,275.9860296640957,458.9636287792903,46.15402586271291,13.752405569890795,43,0 days 11:00:00
32,20,269.7454844752502,584.4698642234971,612,0.5,302,2019-11-02 09:00:00,2019-11-02 09:00:00,269.7454844752502,584.4698642234971,46.11662533504003,14.505066652014976,45,0 days 09:00:00
32,21,279.8434217552559,237.48117353780526,696,0.5,303,2019-11-02 09:00:00,2019-11-02 09:00:00,279.8434217552559,237.48117353780526,46.177143794766096,12.424174953749958,66,0 days 00:00:00
32,23,300.9223545049591,505.9345206436131,456,0.5,304,2019-11-02 09:00:00,2019-11-02 09:00:00,300.9223545049591,505.9345206436131,46.30347301501259,14.034090078822269,54,0 days 03:00:00
32,26,422.2140760328716,539.6330926554475,14048,0.5,305,2019-11-02 09:00:00,2019-11-02 09:00:00,422.2140760328716,539.6330926554475,47.030392578964126,14.236180465699835,58,0 days 03:00:00
32,27,347.65815503889326,81.36879857141591,668,0.5,306,2019-11-02 09:00:00,2019-11-02 09:00:00,347.65815503889326,81.36879857141591,46.58356770999337,11.487968807024982,67,0 days 00:00:00
32,29,387.852483523821,10.89613701546152,382,0.5,307,2019-11-02 09:00:00,2019-11-02 09:00:00,387.852483523821,10.89613701546152,46.824458377283165,11.065344150017761,68,0 days 00:00:00
32,31,552.1633860525651,119.62751021872441,1273,0.5,308,2019-11-02 09:00:00,2019-11-02 09:00:00,552.1633860525651,119.62751021872441,47.80919837531503,11.717406358133278,69,0 days 00:00:00
33,1,175.19104011238713,146.08542918977946,1715,0.5,309,2019-11-02 10:00:00,2019-11-02 10:00:00,175.19104011238713,146.08542918977946,45.54994630204341,11.87607453786974,46,0 days 09:00:00
33,2,193.13540134456093,34.76118996894571,2290,0.5,310,2019-11-02 10:00:00,2019-11-02 10:00:00,193.13540134456093,34.76118996894571,45.657489562852675,11.208462908359493,21,1 days 00:00:00
33,5,213.9455816196166,78.85075374029813,332,0.5,311,2019-11-02 10:00:00,2019-11-02 10:00:00,213.9455816196166,78.85075374029813,45.782208109021674,11.47286808839759,55,0 days 04:00:00
33,6,233.15714642279028,269.31133315982447,682,0.5,312,2019-11-02 10:00:00,2019-11-02 10:00:00,233.15714642279028,269.31133315982447,45.89734591178042,12.615060468724582,64,0 days 01:00:00
33,9,253.18222562570418,16.01986811093499,583,0.5,313,2019-11-02 10:00:00,2019-11-02 10:00:00,253.18222562570418,16.01986811093499,46.017359228921165,11.09607117307907,70,0 days 00:00:00
33,10,255.5233733485276,393.6542070705776,1258,0.5,314,2019-11-02 10:00:00,2019-11-02 10:00:00,255.5233733485276,393.6542070705776,46.03139007999974,13.360744869988473,65,0 days 01:00:00
33,11,268.62719469156553,182.34216171522004,582,0.5,315,2019-11-02 10:00:00,2019-11-02 10:00:00,268.62719469156553,182.34216171522004,46.10992325585699,12.093506217182728,50,0 days 04:00:00
33,12,261.46533336968105,101.06234722320225,301,0.5,316,2019-11-02 10:00:00,2019-11-02 10:00:00,261.46533336968105,101.06234722320225,46.067001141770355,11.606071047815306,71,0 days 00:00:00
33,14,288.4577396427271,477.4869662242338,2217,0.5,317,2019-11-02 10:00:00,2019-11-02 10:00:00,288.4577396427271,477.4869662242338,46.2287706999136,13.863490052319243,43,0 days 12:00:00
33,15,279.6551523416554,131.3083822061585,808,0.5,318,2019-11-02 10:00:00,2019-11-02 10:00:00,279.6551523416554,131.3083822061585,46.17601546780102,11.787456564954473,29,0 days 18:00:00
33,18,280.26360204939374,235.1362490970008,427,0.5,319,2019-11-02 10:00:00,2019-11-02 10:00:00,280.26360204939374,235.1362490970008,46.179661998583704,12.410112438362823,66,0 days 01:00:00
33,21,307.34178818422777,79.2792219746562,589,0.5,320,2019-11-02 10:00:00,2019-11-02 10:00:00,307.34178818422777,79.2792219746562,46.34194564836438,11.475437613041416,72,0 days 00:00:00
33,22,412.82832636351594,558.4711811514708,9434,0.5,321,2019-11-02 10:00:00,2019-11-02 10:00:00,412.82832636351594,558.4711811514708,46.97414236690463,14.349152510653498,58,0 days 04:00:00
33,23,346.5137035949822,77.15369561201294,447,0.5,322,2019-11-02 10:00:00,2019-11-02 10:00:00,346.5137035949822,77.15369561201294,46.57670884003843,11.462690828257948,67,0 days 01:00:00
33,25,387.72704795548975,9.592607713674804,334,0.5,323,2019-11-02 10:00:00,2019-11-02 10:00:00,387.72704795548975,9.592607713674804,46.82370662302091,11.057526882840627,68,0 days 01:00:00
33,26,473.1373809087439,485.45111733174355,1459,0.5,324,2019-11-02 10:00:00,2019-11-02 10:00:00,473.1373809087439,485.45111733174355,47.33558361845994,13.911251078451235,73,0 days 00:00:00
33,27,567.129101347928,140.75695787627157,1497,0.5,325,2019-11-02 10:00:00,2019-11-02 10:00:00,567.129101347928,140.75695787627157,47.898890162187925,11.844119687413922,69,0 days 01:00:00
34,1,169.6719950650534,152.14579906293167,2945,0.5,326,2019-11-02 11:00:00,2019-11-02 11:00:00,169.6719950650534,152.14579906293167,45.516869833437816,11.912418585085048,46,0 days 10:00:00
34,2,162.3778832061403,282.2208567046559,447,0.5,327,2019-11-02 11:00:00,2019-11-02 11:00:00,162.3778832061403,282.2208567046559,45.473155121954605,12.692478900777544,23,0 days 20:00:00
34,4,175.14239712160378,446.2413369084165,741,0.5,328,2019-11-02 11:00:00,2019-11-02 11:00:00,175.14239712160378,446.2413369084165,45.549654777269886,13.676109966467266,63,0 days 02:00:00
34,5,194.35309572780108,35.362465201181706,2650,0.5,329,2019-11-02 11:00:00,2019-11-02 11:00:00,194.35309572780108,35.362465201181706,45.66478738877962,11.212068756828677,21,1 days 01:00:00
34,8,214.1394770995476,77.48940184598251,495,0.5,330,2019-11-02 11:00:00,2019-11-02 11:00:00,214.1394770995476,77.48940184598251,45.78337015385003,11.46470405904637,55,0 days 05:00:00
34,9,259.25849052714307,179.57995289404934,766,0.5,331,2019-11-02 11:00:00,2019-11-02 11:00:00,259.25849052714307,179.57995289404934,46.053775200077055,12.076941246740924,50,0 days 05:00:00
34,10,231.11320584070265,269.7008503296351,477,0.5,332,2019-11-02 11:00:00,2019-11-02 11:00:00,231.11320584070265,269.7008503296351,45.885096267880925,12.617396403775924,64,0 days 02:00:00
34,13,248.09384738390452,375.49029266781474,559,0.5,333,2019-11-02 11:00:00,2019-11-02 11:00:00,248.09384738390452,375.49029266781474,45.986863811376146,13.251815848082847,74,0 days 00:00:00
34,14,255.0135367538545,16.49591756970142,482,0.5,334,2019-11-02 11:00:00,2019-11-02 11:00:00,255.0135367538545,16.49591756970142,46.02833455246317,11.09892604239701,70,0 days 01:00:00
34,15,263.32981393471084,408.9789336941335,588,0.5,335,2019-11-02 11:00:00,2019-11-02 11:00:00,263.32981393471084,408.9789336941335,46.0781752547457,13.452647278525536,65,0 days 02:00:00
34,17,288.2930889485952,477.4796635103799,2146,0.5,336,2019-11-02 11:00:00,2019-11-02 11:00:00,288.2930889485952,477.4796635103799,46.227783923493284,13.863446257933312,43,0 days 13:00:00
34,19,278.51919549598216,130.7251576418515,762,0.5,337,2019-11-02 11:00:00,2019-11-02 11:00:00,278.51919549598216,130.7251576418515,46.16920750725332,11.783958966367926,29,0 days 19:00:00
34,20,269.8834199748043,583.6469669969504,552,0.5,338,2019-11-02 11:00:00,2019-11-02 11:00:00,269.8834199748043,583.6469669969504,46.117452003273655,14.500131736113646,45,0 days 11:00:00
34,24,308.1098185743433,79.09522305484349,519,0.5,339,2019-11-02 11:00:00,2019-11-02 11:00:00,308.1098185743433,79.09522305484349,46.34654857022294,11.47433417124344,72,0 days 01:00:00
34,25,418.95455194432753,560.22383557265,9248,0.5,340,2019-11-02 11:00:00,2019-11-02 11:00:00,418.95455194432753,560.22383557265,47.01085775994032,14.359663181844976,58,0 days 05:00:00
34,26,341.2533255479485,78.74308410532096,309,0.5,341,2019-11-02 11:00:00,2019-11-02 11:00:00,341.2533255479485,78.74308410532096,46.545182601742844,11.472222393435208,67,0 days 02:00:00
34,31,480.1919414022659,483.48434411353173,1735,0.5,342,2019-11-02 11:00:00,2019-11-02 11:00:00,480.1919414022659,483.48434411353173,47.377862662513586,13.899456336512934,73,0 days 01:00:00
34,32,533.0670826192979,8.223469233595885,597,0.5,343,2019-11-02 11:00:00,2019-11-02 11:00:00,533.0670826192979,8.223469233595885,47.69475135131429,11.049316157322913,75,0 days 00:00:00
34,33,554.6277404152147,134.33018453059813,3928,0.5,344,2019-11-02 11:00:00,2019-11-02 11:00:00,554.6277404152147,134.33018453059813,47.823967622351454,11.805578318024576,69,0 days 02:00:00
35,3,168.0557488125043,158.41313620241505,3223,0.5,345,2019-11-02 12:00:00,2019-11-02 12:00:00,168.0557488125043,158.41313620241505,45.50718342610234,11.950003815306836,46,0 days 11:00:00
35,4,161.3532028572812,285.21282570617853,531,0.5,346,2019-11-02 12:00:00,2019-11-02 12:00:00,161.3532028572812,285.21282570617853,45.46701405822001,12.710421743365389,23,0 days 21:00:00
35,5,162.87211015925698,541.4943319144921,637,0.5,347,2019-11-02 12:00:00,2019-11-02 12:00:00,162.87211015925698,541.4943319144921,45.4761170985572,14.247342320326789,76,0 days 00:00:00
35,6,164.9970327935289,600.1122327036991,317,0.5,348,2019-11-02 12:00:00,2019-11-02 12:00:00,164.9970327935289,600.1122327036991,45.4888520800982,14.598873959242571,77,0 days 00:00:00
35,7,191.42831393089287,33.445921770751575,2231,0.5,349,2019-11-02 12:00:00,2019-11-02 12:00:00,191.42831393089287,33.445921770751575,45.64725873075021,11.200575243003007,21,1 days 02:00:00
35,8,180.8715711135512,452.6231227718838,1220,0.5,350,2019-11-02 12:00:00,2019-11-02 12:00:00,180.8715711135512,452.6231227718838,45.58399058030382,13.714381545858373,63,0 days 03:00:00
35,9,213.11764739908543,78.99123931064597,376,0.5,351,2019-11-02 12:00:00,2019-11-02 12:00:00,213.11764739908543,78.99123931064597,45.777246174480815,11.473710580573588,55,0 days 06:00:00
35,10,238.53679977707915,274.7434576463058,757,0.5,352,2019-11-02 12:00:00,2019-11-02 12:00:00,238.53679977707915,274.7434576463058,45.92958698496537,12.64763692741413,64,0 days 03:00:00
35,12,266.8441719426659,183.82266213510664,985,0.5,353,2019-11-02 12:00:00,2019-11-02 12:00:00,266.8441719426659,183.82266213510664,46.09923733184817,12.10238478042043,50,0 days 06:00:00
35,13,258.19107261559395,390.91739233143625,2163,0.5,354,2019-11-02 12:00:00,2019-11-02 12:00:00,258.19107261559395,390.91739233143625,46.04737800368935,13.344332187894668,74,0 days 01:00:00
35,14,251.92056745692523,14.483970092139188,456,0.5,355,2019-11-02 12:00:00,2019-11-02 12:00:00,251.92056745692523,14.483970092139188,46.00979792140281,11.086860390357657,70,0 days 02:00:00
35,15,276.4369236010988,458.90014492772355,1311,0.5,356,2019-11-02 12:00:00,2019-11-02 12:00:00,276.4369236010988,458.90014492772355,46.15672813802029,13.752024857137773,65,0 days 03:00:00
35,16,270.6125923180248,583.5208164202165,872,0.5,357,2019-11-02 12:00:00,2019-11-02 12:00:00,270.6125923180248,583.5208164202165,46.121822043001856,14.499375210915844,45,0 days 12:00:00
35,17,283.1192751635257,135.29921973952924,961,0.5,358,2019-11-02 12:00:00,2019-11-02 12:00:00,283.1192751635257,135.29921973952924,46.196776477863594,11.811389623625363,29,0 days 20:00:00
35,19,279.02667579199755,235.5889314309472,799,0.5,359,2019-11-02 12:00:00,2019-11-02 12:00:00,279.02667579199755,235.5889314309472,46.17224891313697,12.412827174998185,66,0 days 03:00:00
35,22,303.65508087973933,503.8495258812929,841,0.5,360,2019-11-02 12:00:00,2019-11-02 12:00:00,303.65508087973933,503.8495258812929,46.31985065595734,14.021586362106703,43,0 days 14:00:00
35,23,307.982489588027,82.72257020201819,601,0.5,361,2019-11-02 12:00:00,2019-11-02 12:00:00,307.982489588027,82.72257020201819,46.3457854684214,11.496087377523349,72,0 days 02:00:00
35,24,421.4192198158737,550.4511020619352,11196,0.5,362,2019-11-02 12:00:00,2019-11-02 12:00:00,421.4192198158737,550.4511020619352,47.0256288858828,14.301056084329447,58,0 days 06:00:00
35,25,350.2953093487504,84.23129678688385,954,0.5,363,2019-11-02 12:00:00,2019-11-02 12:00:00,350.2953093487504,84.23129678688385,46.59937257315176,11.505135213114745,67,0 days 03:00:00
35,26,385.5257454781169,21.162022167671267,1644,0.5,364,2019-11-02 12:00:00,2019-11-02 12:00:00,385.5257454781169,21.162022167671267,46.810513885570906,11.126908678666695,68,0 days 03:00:00
35,27,431.47268880241563,469.04815582630175,419,0.5,365,2019-11-02 12:00:00,2019-11-02 12:00:00,431.47268880241563,469.04815582630175,47.08588084042543,13.812882493710955,73,0 days 02:00:00
35,30,555.9068775033231,85.44979770148238,9133,0.5,366,2019-11-02 12:00:00,2019-11-02 12:00:00,555.9068775033231,85.44979770148238,47.83163368366717,11.512442564926431,69,0 days 03:00:00
36,1,127.48559433819543,447.6788790853754,811,0.5,367,2019-11-02 13:00:00,2019-11-02 13:00:00,127.48559433819543,447.6788790853754,45.26404037702686,13.684730909057723,78,0 days 00:00:00
36,2,172.26536246320927,170.63557270004426,4653,0.5,368,2019-11-02 13:00:00,2019-11-02 13:00:00,172.26536246320927,170.63557270004426,45.53241227503636,12.023301785307613,46,0 days 12:00:00
36,3,162.7187014411233,284.87053184310054,794,0.5,369,2019-11-02 13:00:00,2019-11-02 13:00:00,162.7187014411233,284.87053184310054,45.475197696993035,12.708369006555326,23,0 days 22:00:00
36,5,168.18814413018993,601.3727947713915,436,0.5,370,2019-11-02 13:00:00,2019-11-02 13:00:00,168.18814413018993,601.3727947713915,45.50797689119121,14.606433551852422,77,0 days 01:00:00
36,7,181.34158659245404,452.1902828735503,2096,0.5,371,2019-11-02 13:00:00,2019-11-02 13:00:00,181.34158659245404,452.1902828735503,45.58680745389313,13.711785804339131,63,0 days 04:00:00
36,9,209.53778411715547,29.626899490479598,3470,0.5,372,2019-11-02 13:00:00,2019-11-02 13:00:00,209.53778411715547,29.626899490479598,45.75579151440076,11.177672560662545,70,0 days 03:00:00
36,10,178.60724704662448,531.9256071976573,442,0.5,373,2019-11-02 13:00:00,2019-11-02 13:00:00,178.60724704662448,531.9256071976573,45.57042014497121,14.189958663854018,76,0 days 01:00:00
36,11,215.1289463217091,77.69451274407844,438,0.5,374,2019-11-02 13:00:00,2019-11-02 13:00:00,215.1289463217091,77.69451274407844,45.789300191996546,11.465934109409766,21,1 days 03:00:00
36,12,272.10800642161576,137.89963508738998,2224,0.5,375,2019-11-02 13:00:00,2019-11-02 13:00:00,272.10800642161576,137.89963508738998,46.13078428506105,11.826984318365158,29,0 days 21:00:00
36,13,248.6799326873529,248.16488851921443,3225,0.5,376,2019-11-02 13:00:00,2019-11-02 13:00:00,248.6799326873529,248.16488851921443,45.99037630891392,12.488245208511032,64,0 days 04:00:00
36,14,241.857002863896,323.07493323999154,317,0.5,377,2019-11-02 13:00:00,2019-11-02 13:00:00,241.857002863896,323.07493323999154,45.94948546236924,12.937480859010444,79,0 days 00:00:00
36,15,267.86464225564595,183.69408223010154,1068,0.5,378,2019-11-02 13:00:00,2019-11-02 13:00:00,267.86464225564595,183.69408223010154,46.10535316420335,12.101613686537341,50,0 days 07:00:00
36,16,257.3414044275025,387.1607813471396,2139,0.5,379,2019-11-02 13:00:00,2019-11-02 13:00:00,257.3414044275025,387.1607813471396,46.04228581420592,13.321803786189742,74,0 days 02:00:00
36,17,255.23197136633613,103.80332862888916,423,0.5,380,2019-11-02 13:00:00,2019-11-02 13:00:00,255.23197136633613,103.80332862888916,46.02964366401058,11.622508717414627,55,0 days 07:00:00
36,18,288.7566235508753,477.69450154463283,2200,0.5,381,2019-11-02 13:00:00,2019-11-02 13:00:00,288.7566235508753,477.69450154463283,46.23056195621244,13.864734641946823,65,0 days 04:00:00
36,19,269.55432384894874,581.0704079608137,619,0.5,382,2019-11-02 13:00:00,2019-11-02 13:00:00,269.55432384894874,581.0704079608137,46.11547968060158,14.484680107711027,45,0 days 13:00:00
36,20,276.23579073511416,313.8351638249363,326,0.5,383,2019-11-02 13:00:00,2019-11-02 13:00:00,276.23579073511416,313.8351638249363,46.15552271844675,12.88206994797563,80,0 days 00:00:00
36,21,280.39686045864863,274.9102107492856,302,0.5,384,2019-11-02 13:00:00,2019-11-02 13:00:00,280.39686045864863,274.9102107492856,46.1804606363104,12.648636946022702,66,0 days 04:00:00
36,22,307.24882145820567,85.12733954703876,527,0.5,385,2019-11-02 13:00:00,2019-11-02 13:00:00,307.24882145820567,85.12733954703876,46.34138848476664,11.510508782890788,72,0 days 03:00:00
36,24,434.51517011793493,541.2834609439893,15462,0.5,386,2019-11-02 13:00:00,2019-11-02 13:00:00,434.51517011793493,541.2834609439893,47.10411488940543,14.246077726800536,58,0 days 07:00:00
36,26,351.2134546218255,85.66928531795757,891,0.5,387,2019-11-02 13:00:00,2019-11-02 13:00:00,351.2134546218255,85.66928531795757,46.60487515612395,11.513758832491499,67,0 days 04:00:00
36,28,400.8346717131675,15.088230670566366,1095,0.5,388,2019-11-02 13:00:00,2019-11-02 13:00:00,400.8346717131675,15.088230670566366,46.90226258732207,11.090484141952423,68,0 days 04:00:00
36,29,550.3563474819177,129.2108265082738,5744,0.5,389,2019-11-02 13:00:00,2019-11-02 13:00:00,550.3563474819177,129.2108265082738,47.79836852086766,11.774877520289499,81,0 days 00:00:00
36,30,572.3273523516302,12.35083224246616,654,0.5,390,2019-11-02 13:00:00,2019-11-02 13:00:00,572.3273523516302,12.35083224246616,47.93004406375121,11.074067959475059,69,0 days 04:00:00
37,1,126.24594107151876,475.5150202047836,1624,0.5,391,2019-11-02 14:00:00,2019-11-02 14:00:00,126.24594107151876,475.5150202047836,45.2566109482026,13.851664289084159,78,0 days 01:00:00
37,2,171.34234713310087,172.92833946364695,4711,0.5,392,2019-11-02 14:00:00,2019-11-02 14:00:00,171.34234713310087,172.92833946364695,45.526880505078516,12.037051511026368,46,0 days 13:00:00
37,3,162.7040815917156,285.00576189249233,695,0.5,393,2019-11-02 14:00:00,2019-11-02 14:00:00,162.7040815917156,285.00576189249233,45.47511007803254,12.709179981364272,23,0 days 23:00:00
37,4,168.04401992393332,537.1906142473514,1003,0.5,394,2019-11-02 14:00:00,2019-11-02 14:00:00,168.04401992393332,537.1906142473514,45.50711313310576,14.221532919024597,76,0 days 02:00:00
37,5,168.61131402155934,602.9664407044224,309,0.5,395,2019-11-02 14:00:00,2019-11-02 14:00:00,168.61131402155934,602.9664407044224,45.51051301211551,14.615990648902084,77,0 days 02:00:00
37,6,181.09008910649067,453.1300599118962,2021,0.5,396,2019-11-02 14:00:00,2019-11-02 14:00:00,181.09008910649067,453.1300599118962,45.58530019156288,13.717421648647054,63,0 days 05:00:00
37,8,193.5024887675901,34.77364718751793,2490,0.5,397,2019-11-02 14:00:00,2019-11-02 14:00:00,193.5024887675901,34.77364718751793,45.65968957309344,11.20853761431795,70,0 days 04:00:00
37,10,212.75418256109612,77.85305427096758,450,0.5,398,2019-11-02 14:00:00,2019-11-02 14:00:00,212.75418256109612,77.85305427096758,45.775067874938074,11.466884883184214,21,1 days 04:00:00
37,11,235.98662058435374,260.38951264708965,2247,0.5,399,2019-11-02 14:00:00,2019-11-02 14:00:00,235.98662058435374,260.38951264708965,45.91430337678979,12.561556297733672,82,0 days 00:00:00
37,12,230.33027741211166,130.3027643774213,422,0.5,400,2019-11-02 14:00:00,2019-11-02 14:00:00,230.33027741211166,130.3027643774213,45.880404059832856,11.781425873327862,29,0 days 22:00:00
37,13,249.86631176849488,14.552752290434988,665,0.5,401,2019-11-02 14:00:00,2019-11-02 14:00:00,249.86631176849488,14.552752290434988,45.99748645751666,11.08727287730396,72,0 days 04:00:00
37,14,241.73941491224568,323.04924812959524,302,0.5,402,2019-11-02 14:00:00,2019-11-02 14:00:00,241.73941491224568,323.04924812959524,45.948780740056264,12.937326825364888,79,0 days 01:00:00
37,15,262.1975685830655,390.2480562465877,2575,0.5,403,2019-11-02 14:00:00,2019-11-02 14:00:00,262.1975685830655,390.2480562465877,46.07138953774098,13.34031817839033,74,0 days 03:00:00
37,16,269.8600565289637,185.07172089118328,1031,0.5,404,2019-11-02 14:00:00,2019-11-02 14:00:00,269.8600565289637,185.07172089118328,46.11731198262221,12.109875387653272,50,0 days 08:00:00
37,18,276.6599282377938,232.48873787191135,831,0.5,405,2019-11-02 14:00:00,2019-11-02 14:00:00,276.6599282377938,232.48873787191135,46.15806463841143,12.394235309576679,64,0 days 05:00:00
37,19,287.6238142611404,476.53399459603844,2126,0.5,406,2019-11-02 14:00:00,2019-11-02 14:00:00,287.6238142611404,476.53399459603844,46.223772859441766,13.857775080036213,65,0 days 05:00:00
37,20,269.90092341065633,584.6985951601885,613,0.5,407,2019-11-02 14:00:00,2019-11-02 14:00:00,269.90092341065633,584.6985951601885,46.11755690400222,14.506438351785238,45,0 days 14:00:00
37,21,278.4477235293086,311.9655973048264,315,0.5,408,2019-11-02 14:00:00,2019-11-02 14:00:00,278.4477235293086,311.9655973048264,46.16877916498729,12.87085815475158,80,0 days 01:00:00
37,22,281.5518904673254,278.9376711388577,358,0.5,409,2019-11-02 14:00:00,2019-11-02 14:00:00,281.5518904673254,278.9376711388577,46.18738290519801,12.672789632017137,66,0 days 05:00:00
37,23,297.52983613086855,143.32859652557494,1070,0.5,410,2019-11-02 14:00:00,2019-11-02 14:00:00,297.52983613086855,143.32859652557494,46.28314114119527,11.859541808249325,55,0 days 08:00:00
37,26,426.0641739358392,544.9916401688561,13103,0.5,411,2019-11-02 14:00:00,2019-11-02 14:00:00,426.0641739358392,544.9916401688561,47.05346679584835,14.26831568317155,58,0 days 08:00:00
37,27,362.2609825352181,89.43585061824494,875,0.5,412,2019-11-02 14:00:00,2019-11-02 14:00:00,362.2609825352181,89.43585061824494,46.6710846556049,11.536346930244347,67,0 days 05:00:00
37,28,393.7987323250773,30.494524236260474,2960,0.5,413,2019-11-02 14:00:00,2019-11-02 14:00:00,393.7987323250773,30.494524236260474,46.8600951423592,11.182875707563781,68,0 days 05:00:00
37,30,554.9421960017235,12.248778080022165,1574,0.5,414,2019-11-02 14:00:00,2019-11-02 14:00:00,554.9421960017235,12.248778080022165,47.82585220206512,11.073455940509877,81,0 days 01:00:00
37,31,547.1883641297479,132.37155216493787,6486,0.5,415,2019-11-02 14:00:00,2019-11-02 14:00:00,547.1883641297479,132.37155216493787,47.77938231927075,11.793832396791231,83,0 days 00:00:00
38,2,137.94607651187022,541.48177823416,2390,0.5,416,2019-11-02 15:00:00,2019-11-02 15:00:00,137.94607651187022,541.48177823416,45.32673162293073,14.247267035887017,76,0 days 03:00:00
38,3,125.50672960849322,455.40896690189055,709,0.5,417,2019-11-02 15:00:00,2019-11-02 15:00:00,125.50672960849322,455.40896690189055,45.25218074251665,13.731088257282703,78,0 days 02:00:00
38,4,172.28816034598702,174.75018067896505,4869,0.5,418,2019-11-02 15:00:00,2019-11-02 15:00:00,172.28816034598702,174.75018067896505,45.53254890618314,12.047977095526026,46,0 days 14:00:00
38,5,163.31898666613966,285.4400222634542,714,0.5,419,2019-11-02 15:00:00,2019-11-02 15:00:00,163.31898666613966,285.4400222634542,45.4787952968005,12.711784241459997,23,1 days 00:00:00
38,6,165.52913162754422,601.0818847155895,455,0.5,420,2019-11-02 15:00:00,2019-11-02 15:00:00,165.52913162754422,601.0818847155895,45.49204102858974,14.604688963811629,77,0 days 03:00:00
38,8,180.8377692216324,456.4493143752392,2125,0.5,421,2019-11-02 15:00:00,2019-11-02 15:00:00,180.8377692216324,456.4493143752392,45.58378800047211,13.737327222640115,63,0 days 06:00:00
38,9,192.3308245576787,34.717512112268516,2500,0.5,422,2019-11-02 15:00:00,2019-11-02 15:00:00,192.3308245576787,34.717512112268516,45.652667612931296,11.208200972187518,70,0 days 05:00:00
38,11,214.36452706085015,78.30288507803789,449,0.5,423,2019-11-02 15:00:00,2019-11-02 15:00:00,214.36452706085015,78.30288507803789,45.784718912179756,11.469582519208622,29,0 days 23:00:00
38,12,254.5892979283475,254.46843613060506,4295,0.5,424,2019-11-02 15:00:00,2019-11-02 15:00:00,254.5892979283475,254.46843613060506,46.025792025255505,12.526047592987137,82,0 days 01:00:00
38,13,238.70430415983668,324.32860110765705,466,0.5,425,2019-11-02 15:00:00,2019-11-02 15:00:00,238.70430415983668,324.32860110765705,45.930590863971624,12.944999107092396,79,0 days 02:00:00
38,14,280.5243752340306,139.71415688721285,2210,0.5,426,2019-11-02 15:00:00,2019-11-02 15:00:00,280.5243752340306,139.71415688721285,46.181224851573816,11.837866008319118,50,0 days 09:00:00
38,15,251.07210444711123,14.462067702386056,647,0.5,427,2019-11-02 15:00:00,2019-11-02 15:00:00,251.07210444711123,14.462067702386056,46.00471295473441,11.08672904169347,21,1 days 05:00:00
38,16,265.33708174893394,184.85712462800484,1309,0.5,428,2019-11-02 15:00:00,2019-11-02 15:00:00,265.33708174893394,184.85712462800484,46.09020511322135,12.108588453541257,64,0 days 06:00:00
38,17,262.92861733182946,389.5497672962027,2732,0.5,429,2019-11-02 15:00:00,2019-11-02 15:00:00,262.92861733182946,389.5497672962027,46.07577082305035,13.33613053850796,74,0 days 04:00:00
38,18,269.00344291932333,573.8960999692813,1645,0.5,430,2019-11-02 15:00:00,2019-11-02 15:00:00,269.00344291932333,573.8960999692813,46.11217816818088,14.441655771929724,45,0 days 15:00:00
38,19,291.0041581842983,481.31190926996135,2715,0.5,431,2019-11-02 15:00:00,2019-11-02 15:00:00,291.0041581842983,481.31190926996135,46.24403176994014,13.886428241499019,65,0 days 06:00:00
38,22,376.8270115659275,493.7520992086308,4661,0.5,432,2019-11-02 15:00:00,2019-11-02 15:00:00,376.8270115659275,493.7520992086308,46.75838106246702,13.961032079212178,84,0 days 00:00:00
38,23,350.85391201235257,84.42353726929598,922,0.5,433,2019-11-02 15:00:00,2019-11-02 15:00:00,350.85391201235257,84.42353726929598,46.60272036308773,11.506288079575988,67,0 days 06:00:00
38,24,373.2760736544728,24.87066209056146,1079,0.5,434,2019-11-02 15:00:00,2019-11-02 15:00:00,373.2760736544728,24.87066209056146,46.73709975649084,11.149149397844447,68,0 days 06:00:00
38,25,433.11218971323416,599.5283987799152,4290,0.5,435,2019-11-02 15:00:00,2019-11-02 15:00:00,433.11218971323416,599.5283987799152,47.09570661643206,14.59537270632633,58,0 days 09:00:00
38,27,479.2902756244214,497.18288585879066,1537,0.5,436,2019-11-02 15:00:00,2019-11-02 15:00:00,479.2902756244214,497.18288585879066,47.37245884363951,13.981606511896796,85,0 days 00:00:00
38,28,553.1785867413084,82.00490848846313,10076,0.5,437,2019-11-02 15:00:00,2019-11-02 15:00:00,553.1785867413084,82.00490848846313,47.81528262601812,11.491783559151202,83,0 days 01:00:00
39,3,127.32709028343884,449.4773038678631,1136,0.5,438,2019-11-02 16:00:00,2019-11-02 16:00:00,127.32709028343884,449.4773038678631,45.26309043834253,13.695516065174592,78,0 days 03:00:00
39,6,163.92241195765413,537.1294365569875,1571,0.5,439,2019-11-02 16:00:00,2019-11-02 16:00:00,163.92241195765413,537.1294365569875,45.48241171549964,14.221166036323764,76,0 days 04:00:00
39,7,172.35333410390308,174.97746161484625,4880,0.5,440,2019-11-02 16:00:00,2019-11-02 16:00:00,172.35333410390308,174.97746161484625,45.53293950233503,12.04934009963926,46,0 days 15:00:00
39,8,162.32732219433197,284.0373668132585,765,0.5,441,2019-11-02 16:00:00,2019-11-02 16:00:00,162.32732219433197,284.0373668132585,45.47285210219205,12.703372514622242,23,1 days 01:00:00
39,9,167.49149250434172,601.5370428647161,402,0.5,442,2019-11-02 16:00:00,2019-11-02 16:00:00,167.49149250434172,601.5370428647161,45.50380175302259,14.607418547914339,77,0 days 04:00:00
39,10,180.29936042846455,453.9536754941558,2283,0.5,443,2019-11-02 16:00:00,2019-11-02 16:00:00,180.29936042846455,453.9536754941558,45.58056123544456,13.722360872528672,63,0 days 07:00:00
39,11,196.3705617371635,42.620240972861744,3154,0.5,444,2019-11-02 16:00:00,2019-11-02 16:00:00,196.3705617371635,42.620240972861744,45.67687836657547,11.255593649012663,70,0 days 06:00:00
39,14,257.2909149777429,238.76724103023412,6850,0.5,445,2019-11-02 16:00:00,2019-11-02 16:00:00,257.2909149777429,238.76724103023412,46.041983223325516,12.431887502430188,82,0 days 02:00:00
39,15,251.74417526544218,374.0686035796572,2670,0.5,446,2019-11-02 16:00:00,2019-11-02 16:00:00,251.74417526544218,374.0686035796572,46.00874077641961,13.243289976489699,79,0 days 03:00:00
39,16,246.58102765868193,10.14866704096535,440,0.5,447,2019-11-02 16:00:00,2019-11-02 16:00:00,246.58102765868193,10.14866704096535,45.97779725480375,11.060861571460062,29,1 days 00:00:00
39,17,295.9033397185521,125.37130620294862,3041,0.5,448,2019-11-02 16:00:00,2019-11-02 16:00:00,295.9033397185521,125.37130620294862,46.27339330310776,11.751851911262062,50,0 days 10:00:00
39,18,269.4171368875459,581.7536520914445,868,0.5,449,2019-11-02 16:00:00,2019-11-02 16:00:00,269.4171368875459,581.7536520914445,46.11465749846988,14.488777523786773,45,0 days 16:00:00
39,19,276.3972813952368,458.8275947730165,1311,0.5,450,2019-11-02 16:00:00,2019-11-02 16:00:00,276.3972813952368,458.8275947730165,46.15649055630707,13.751589773751222,74,0 days 05:00:00
39,21,304.49634639524453,504.0089718614306,826,0.5,451,2019-11-02 16:00:00,2019-11-02 16:00:00,304.49634639524453,504.0089718614306,46.3248924869578,14.022542559888638,65,0 days 07:00:00
39,22,362.65218193534565,493.7549182613516,2107,0.5,452,2019-11-02 16:00:00,2019-11-02 16:00:00,362.65218193534565,493.7549182613516,46.67342917255772,13.961048985075571,84,0 days 01:00:00
39,23,357.10989410397644,85.91511730180552,776,0.5,453,2019-11-02 16:00:00,2019-11-02 16:00:00,357.10989410397644,85.91511730180552,46.640213406445056,11.5152330872672,67,0 days 07:00:00
39,24,391.84248209719823,30.931430925091796,3401,0.5,454,2019-11-02 16:00:00,2019-11-02 16:00:00,391.84248209719823,30.931430925091796,46.84837103996608,11.185495837631734,68,0 days 07:00:00
39,25,455.7738722886339,617.9589395953006,4527,0.5,455,2019-11-02 16:00:00,2019-11-02 16:00:00,455.7738722886339,617.9589395953006,47.23152149488051,14.70590068722819,58,0 days 10:00:00
39,26,474.9945990080722,492.7712907273453,453,0.5,456,2019-11-02 16:00:00,2019-11-02 16:00:00,474.9945990080722,492.7712907273453,47.346714206384,13.955150169279431,85,0 days 01:00:00
39,27,547.081893577005,93.25410794242836,11183,0.5,457,2019-11-02 16:00:00,2019-11-02 16:00:00,547.081893577005,93.25410794242836,47.778744225204655,11.559245025142,83,0 days 02:00:00
40,3,127.22258548687788,449.81962618704307,1144,0.5,458,2019-11-02 17:00:00,2019-11-02 17:00:00,127.22258548687788,449.81962618704307,45.262464125349446,13.69756897263594,78,0 days 04:00:00
40,5,163.7011009860071,537.4260748567618,1571,0.5,459,2019-11-02 17:00:00,2019-11-02 17:00:00,163.7011009860071,537.4260748567618,45.48108536549833,14.222944976652244,76,0 days 05:00:00
40,6,172.32713478751378,177.4546837385762,5399,0.5,460,2019-11-02 17:00:00,2019-11-02 17:00:00,172.32713478751378,177.4546837385762,45.53278248588408,12.064196004429242,46,0 days 16:00:00
40,7,161.4882748724796,281.8595163742133,911,0.5,461,2019-11-02 17:00:00,2019-11-02 17:00:00,161.4882748724796,281.8595163742133,45.46782356516041,12.690311942274143,23,1 days 02:00:00
40,8,166.64038390048003,601.0861974514814,700,0.5,462,2019-11-02 17:00:00,2019-11-02 17:00:00,166.64038390048003,601.0861974514814,45.49870093091041,14.60471482729524,77,0 days 05:00:00
40,9,180.4220246681036,454.91707293618356,2348,0.5,463,2019-11-02 17:00:00,2019-11-02 17:00:00,180.4220246681036,454.91707293618356,45.581296380716374,13.728138368432884,63,0 days 08:00:00
40,10,196.00146715445553,43.118091679507806,3463,0.5,464,2019-11-02 17:00:00,2019-11-02 17:00:00,196.00146715445553,43.118091679507806,45.6746663271243,11.25857926044682,70,0 days 07:00:00
40,13,250.01119415509265,250.3962272003586,4319,0.5,465,2019-11-02 17:00:00,2019-11-02 17:00:00,250.01119415509265,250.3962272003586,45.998354759491136,12.501626549927188,82,0 days 03:00:00
40,14,257.7259337694618,377.94294877355856,3186,0.5,466,2019-11-02 17:00:00,2019-11-02 17:00:00,257.7259337694618,377.94294877355856,46.044590356495064,13.266524430426138,79,0 days 04:00:00
40,15,247.7316297133159,12.36122900884168,521,0.5,467,2019-11-02 17:00:00,2019-11-02 17:00:00,247.7316297133159,12.36122900884168,45.984692986295556,11.0741303088986,29,1 days 01:00:00
40,16,265.72737968674613,183.34775283176785,1215,0.5,468,2019-11-02 17:00:00,2019-11-02 17:00:00,265.72737968674613,183.34775283176785,46.09254422757468,12.099536748616298,64,0 days 08:00:00
40,17,276.21968226528736,135.46955953340742,1217,0.5,469,2019-11-02 17:00:00,2019-11-02 17:00:00,276.21968226528736,135.46955953340742,46.155426177959775,11.812411151624632,50,0 days 11:00:00
40,18,287.9829125585424,478.2732846186249,2140,0.5,470,2019-11-02 17:00:00,2019-11-02 17:00:00,287.9829125585424,478.2732846186249,46.2259249896488,13.868205604909296,74,0 days 06:00:00
40,19,269.21122125793335,583.58584731543,746,0.5,471,2019-11-02 17:00:00,2019-11-02 17:00:00,269.21122125793335,583.58584731543,46.113423415073235,14.499765201291932,45,0 days 17:00:00
40,21,306.6828820022348,88.55333538343434,457,0.5,472,2019-11-02 17:00:00,2019-11-02 17:00:00,306.6828820022348,88.55333538343434,46.33799672432846,11.531054485058077,67,0 days 08:00:00
40,22,349.3222865543773,491.00589034681076,1542,0.5,473,2019-11-02 17:00:00,2019-11-02 17:00:00,349.3222865543773,491.00589034681076,46.59354110092521,13.94456306055059,65,0 days 08:00:00
40,25,378.36057090318747,476.0910294649688,384,0.5,474,2019-11-02 17:00:00,2019-11-02 17:00:00,378.36057090318747,476.0910294649688,46.76757191465951,13.855118617481073,84,0 days 02:00:00
40,27,444.98697113181953,611.7943536847015,4165,0.5,475,2019-11-02 17:00:00,2019-11-02 17:00:00,444.98697113181953,611.7943536847015,47.16687397082426,14.668931656280067,58,0 days 11:00:00
40,30,476.24546313794724,493.483446649494,806,0.5,476,2019-11-02 17:00:00,2019-11-02 17:00:00,476.24546313794724,493.483446649494,47.35421082360071,13.959420969412257,85,0 days 02:00:00
40,32,539.1068953960214,92.97458120755743,12552,0.5,477,2019-11-02 17:00:00,2019-11-02 17:00:00,539.1068953960214,92.97458120755743,47.73094885939397,11.5575687028939,83,0 days 03:00:00
41,2,134.8151065025105,553.2711125484375,3349,0.5,478,2019-11-02 18:00:00,2019-11-02 18:00:00,134.8151065025105,553.2711125484375,45.307967247874636,14.3179676914449,76,0 days 06:00:00
41,3,126.77189874904376,455.8559411659088,1355,0.5,479,2019-11-02 18:00:00,2019-11-02 18:00:00,126.77189874904376,455.8559411659088,45.2597630918179,13.733768762614146,78,0 days 05:00:00
41,4,172.71212597159507,178.23744451417582,5758,0.5,480,2019-11-02 18:00:00,2019-11-02 18:00:00,172.71212597159507,178.23744451417582,45.53508979606264,12.068890221974069,46,0 days 17:00:00
41,5,159.8089123577382,281.30901696372433,977,0.5,481,2019-11-02 18:00:00,2019-11-02 18:00:00,159.8089123577382,281.30901696372433,45.457758892554935,12.687010596484104,23,1 days 03:00:00
41,6,165.4150461490979,600.607371343387,669,0.5,482,2019-11-02 18:00:00,2019-11-02 18:00:00,165.4150461490979,600.607371343387,45.49135729712644,14.601843306407119,77,0 days 06:00:00
41,7,180.36883858854085,455.36177666601515,2414,0.5,483,2019-11-02 18:00:00,2019-11-02 18:00:00,180.36883858854085,455.36177666601515,45.580977628527215,13.730805257367406,63,0 days 09:00:00
41,8,196.15109736513503,43.19002473821652,3515,0.5,484,2019-11-02 18:00:00,2019-11-02 18:00:00,196.15109736513503,43.19002473821652,45.67556308352393,11.259010643107745,70,0 days 08:00:00
41,11,231.75739106223006,265.4601734247453,2239,0.5,485,2019-11-02 18:00:00,2019-11-02 18:00:00,231.75739106223006,265.4601734247453,45.88895696698255,12.591965058019461,82,0 days 04:00:00
41,12,238.83415813379898,209.3998707846791,408,0.5,486,2019-11-02 18:00:00,2019-11-02 18:00:00,238.83415813379898,209.3998707846791,45.931369098404616,12.255771339038555,64,0 days 09:00:00
41,13,257.4791535527008,377.3667292500781,3273,0.5,487,2019-11-02 18:00:00,2019-11-02 18:00:00,257.4791535527008,377.3667292500781,46.043111365469954,13.263068841079928,79,0 days 05:00:00
41,14,247.11801904784244,12.52128052570648,565,0.5,488,2019-11-02 18:00:00,2019-11-02 18:00:00,247.11801904784244,12.52128052570648,45.9810155251155,11.075090138085194,29,1 days 02:00:00
41,15,266.31536456621455,182.91325886965274,968,0.5,489,2019-11-02 18:00:00,2019-11-02 18:00:00,266.31536456621455,182.91325886965274,46.09606810955779,12.09693108767408,50,0 days 12:00:00
41,16,274.52749592005205,135.030046886305,1063,0.5,490,2019-11-02 18:00:00,2019-11-02 18:00:00,274.52749592005205,135.030046886305,46.14528465020579,11.809775393621019,67,0 days 09:00:00
41,17,270.0161513745518,582.8372561728481,959,0.5,491,2019-11-02 18:00:00,2019-11-02 18:00:00,270.0161513745518,582.8372561728481,46.11824748255297,14.495275899087543,45,0 days 18:00:00
41,18,288.6272570520112,477.94179145805265,2246,0.5,492,2019-11-02 18:00:00,2019-11-02 18:00:00,288.6272570520112,477.94179145805265,46.22978664329116,13.866217639928351,74,0 days 07:00:00
41,20,278.0903693795297,236.75110709080238,763,0.5,493,2019-11-02 18:00:00,2019-11-02 18:00:00,278.0903693795297,236.75110709080238,46.16663748771978,12.419796744172727,86,0 days 00:00:00
41,25,376.4796614908472,494.9473364191628,3316,0.5,494,2019-11-02 18:00:00,2019-11-02 18:00:00,376.4796614908472,494.9473364191628,46.75629934112665,13.9681999185557,65,0 days 09:00:00
41,27,433.64971351622376,601.6679325992867,4484,0.5,495,2019-11-02 18:00:00,2019-11-02 18:00:00,433.64971351622376,601.6679325992867,47.09892807758011,14.608203493848794,58,0 days 12:00:00
41,29,426.804864396403,20.178929749189358,1285,0.5,496,2019-11-02 18:00:00,2019-11-02 18:00:00,426.804864396403,20.178929749189358,47.0579058653894,11.121013071959158,87,0 days 00:00:00
41,30,477.4518338635607,497.33249654999,1336,0.5,497,2019-11-02 18:00:00,2019-11-02 18:00:00,477.4518338635607,497.33249654999,47.361440785141205,13.982503727436221,85,0 days 03:00:00
41,32,529.5742516211421,103.78866728908407,13914,0.5,498,2019-11-02 18:00:00,2019-11-02 18:00:00,529.5742516211421,103.78866728908407,47.67381828882534,11.622420793337836,83,0 days 04:00:00
42,1,3.1123779304444135,445.9315223692179,307,0.5,499,2019-11-02 19:00:00,2019-11-02 19:00:00,3.1123779304444135,445.9315223692179,44.51865294992561,13.6742520082112,88,0 days 00:00:00
42,3,142.87791386069046,561.3045258310082,5191,0.5,500,2019-11-02 19:00:00,2019-11-02 19:00:00,142.87791386069046,561.3045258310082,45.35628886731578,14.366144082944578,76,0 days 07:00:00
42,4,128.36885036174863,461.814092351682,1783,0.5,501,2019-11-02 19:00:00,2019-11-02 19:00:00,128.36885036174863,461.814092351682,45.269333863469384,13.769499804207989,78,0 days 06:00:00
42,5,160.69832995370442,282.1130846769666,967,0.5,502,2019-11-02 19:00:00,2019-11-02 19:00:00,160.69832995370442,282.1130846769666,45.46308930622939,12.691832591765914,23,1 days 04:00:00
42,6,172.54141895888313,181.46268630611127,5909,0.5,503,2019-11-02 19:00:00,2019-11-02 19:00:00,172.54141895888313,181.46268630611127,45.534066723212476,12.088232001835749,46,0 days 18:00:00
42,7,182.105883264926,456.88051237839363,2462,0.5,504,2019-11-02 19:00:00,2019-11-02 19:00:00,182.105883264926,456.88051237839363,45.59138799901925,13.739913117711506,63,0 days 10:00:00
42,8,191.9392447220511,35.53359970737391,3005,0.5,505,2019-11-02 19:00:00,2019-11-02 19:00:00,191.9392447220511,35.53359970737391,45.6503208159712,11.213095050718884,70,0 days 09:00:00
42,13,212.7602587915347,78.76335651669956,405,0.5,506,2019-11-02 19:00:00,2019-11-02 19:00:00,212.7602587915347,78.76335651669956,45.77510429070269,11.47234396711664,89,0 days 00:00:00
42,15,234.33991404871625,267.75011370995463,2654,0.5,507,2019-11-02 19:00:00,2019-11-02 19:00:00,234.33991404871625,267.75011370995463,45.90443441638786,12.605697833343056,64,0 days 10:00:00
42,16,267.6109374091197,235.97795354769514,1790,0.5,508,2019-11-02 19:00:00,2019-11-02 19:00:00,267.6109374091197,235.97795354769514,46.103832672828624,12.415160141215564,86,0 days 01:00:00
42,17,247.06099142105847,352.94288262471616,2017,0.5,509,2019-11-02 19:00:00,2019-11-02 19:00:00,247.06099142105847,352.94288262471616,45.980673749954974,13.116598996250174,82,0 days 05:00:00
42,18,246.55963095201955,9.537458334156211,379,0.5,510,2019-11-02 19:00:00,2019-11-02 19:00:00,246.55963095201955,9.537458334156211,45.977669021116554,11.057196151928972,29,1 days 03:00:00
42,19,264.66782965795187,184.52911671497807,1317,0.5,511,2019-11-02 19:00:00,2019-11-02 19:00:00,264.66782965795187,184.52911671497807,46.08619418459389,12.106621389595071,50,0 days 13:00:00
42,20,290.55195323009553,123.67656736839612,2718,0.5,512,2019-11-02 19:00:00,2019-11-02 19:00:00,290.55195323009553,123.67656736839612,46.24132163750913,11.741688559930413,67,0 days 10:00:00
42,21,277.2555264731985,405.93617745385313,786,0.5,513,2019-11-02 19:00:00,2019-11-02 19:00:00,277.2555264731985,405.93617745385313,46.1616341483839,13.434399864790723,79,0 days 06:00:00
42,22,267.84328293020377,571.374126089824,1307,0.5,514,2019-11-02 19:00:00,2019-11-02 19:00:00,267.84328293020377,571.374126089824,46.10522515454745,14.426531490793549,45,0 days 19:00:00
42,23,288.8447526592378,478.301548063085,2165,0.5,515,2019-11-02 19:00:00,2019-11-02 19:00:00,288.8447526592378,478.301548063085,46.23109012723859,13.868375100828095,74,0 days 08:00:00
42,25,355.7871494757268,500.179040003018,1644,0.5,516,2019-11-02 19:00:00,2019-11-02 19:00:00,355.7871494757268,500.179040003018,46.63228599857028,13.99957445279171,65,0 days 10:00:00
42,27,346.15518654819994,81.4390997931453,565,0.5,517,2019-11-02 19:00:00,2019-11-02 19:00:00,346.15518654819994,81.4390997931453,46.57456019335394,11.488390403557093,90,0 days 00:00:00
42,28,375.30087285864323,22.998768275394394,840,0.5,518,2019-11-02 19:00:00,2019-11-02 19:00:00,375.30087285864323,22.998768275394394,46.74923468322817,11.137923647828451,87,0 days 01:00:00
42,29,368.2035180789116,462.85234424109507,448,0.5,519,2019-11-02 19:00:00,2019-11-02 19:00:00,368.2035180789116,462.85234424109507,46.70669916656882,13.775726202345396,84,0 days 04:00:00
42,30,390.8658697780494,97.34273865880881,1172,0.5,520,2019-11-02 19:00:00,2019-11-02 19:00:00,390.8658697780494,97.34273865880881,46.842518055176654,11.583764549678014,91,0 days 00:00:00
42,31,441.45195588472575,607.182883806095,3979,0.5,521,2019-11-02 19:00:00,2019-11-02 19:00:00,441.45195588472575,607.182883806095,47.14568809177489,14.641276664504318,58,0 days 13:00:00
42,32,515.4307418215596,104.80697195815866,18367,0.5,522,2019-11-02 19:00:00,2019-11-02 19:00:00,515.4307418215596,104.80697195815866,47.58905410338264,11.62852756796497,83,0 days 05:00:00
42,34,474.5939763385373,495.8801708306378,442,0.5,523,2019-11-02 19:00:00,2019-11-02 19:00:00,474.5939763385373,495.8801708306378,47.34431321435767,13.973794127919867,85,0 days 04:00:00
43,2,79.59402605670049,658.0298890831382,317,0.5,524,2019-11-02 20:00:00,2019-11-02 20:00:00,79.59402605670049,658.0298890831382,44.97701899177817,14.946206231383137,92,0 days 00:00:00
43,3,132.78157064536686,528.415842849921,5571,0.5,525,2019-11-02 20:00:00,2019-11-02 20:00:00,132.78157064536686,528.415842849921,45.29577996105956,14.168910601798625,76,0 days 08:00:00
43,4,160.75947335976397,281.1649929278566,1044,0.5,526,2019-11-02 20:00:00,2019-11-02 20:00:00,160.75947335976397,281.1649929278566,45.4634557478753,12.686146884125078,23,1 days 05:00:00
43,5,165.24578573147784,599.2122378290223,845,0.5,527,2019-11-02 20:00:00,2019-11-02 20:00:00,165.24578573147784,599.2122378290223,45.490342893938646,14.59347668862982,77,0 days 08:00:00
43,6,174.24213833603775,180.46455344129916,5234,0.5,528,2019-11-02 20:00:00,2019-11-02 20:00:00,174.24213833603775,180.46455344129916,45.54425939071256,12.08224619754902,46,0 days 19:00:00
43,7,195.77735255337097,43.40367762956974,3529,0.5,529,2019-11-02 20:00:00,2019-11-02 20:00:00,195.77735255337097,43.40367762956974,45.67332317454931,11.26029191981751,70,0 days 10:00:00
43,8,182.5507459722364,457.4526216718105,2230,0.5,530,2019-11-02 20:00:00,2019-11-02 20:00:00,182.5507459722364,457.4526216718105,45.594054128258264,13.743344058001862,63,0 days 11:00:00
43,12,232.7792884327594,266.2022810714827,2612,0.5,531,2019-11-02 20:00:00,2019-11-02 20:00:00,232.7792884327594,266.2022810714827,45.895081351908665,12.596415478689552,93,0 days 00:00:00
43,13,238.0638662676193,208.85914422188486,479,0.5,532,2019-11-02 20:00:00,2019-11-02 20:00:00,238.0638662676193,208.85914422188486,45.926752623179226,12.252528601030793,50,0 days 14:00:00
43,14,246.06286349324645,353.8246043361941,1697,0.5,533,2019-11-02 20:00:00,2019-11-02 20:00:00,246.06286349324645,353.8246043361941,45.97469181888076,13.121886682675827,64,0 days 11:00:00
43,15,263.218805703573,184.03307026125526,1379,0.5,534,2019-11-02 20:00:00,2019-11-02 20:00:00,263.218805703573,184.03307026125526,46.077509965689224,12.103646598268398,67,0 days 11:00:00
43,16,245.48387394245844,9.8153797030921,369,0.5,535,2019-11-02 20:00:00,2019-11-02 20:00:00,245.48387394245844,9.8153797030921,45.97122184725788,11.058862846795154,29,1 days 04:00:00
43,17,288.17768270040756,122.82844019666607,2904,0.5,536,2019-11-02 20:00:00,2019-11-02 20:00:00,288.17768270040756,122.82844019666607,46.227092276457924,11.736602340009991,90,0 days 01:00:00
43,18,268.37911873187426,410.34991683344975,423,0.5,537,2019-11-02 20:00:00,2019-11-02 20:00:00,268.37911873187426,410.34991683344975,46.10843649924925,13.460869066467465,79,0 days 07:00:00
43,19,267.48495418949574,572.3093698404367,1182,0.5,538,2019-11-02 20:00:00,2019-11-02 20:00:00,267.48495418949574,572.3093698404367,46.10307763640965,14.432140148968138,45,0 days 20:00:00
43,20,276.4013835787265,458.4412657890519,1317,0.5,539,2019-11-02 20:00:00,2019-11-02 20:00:00,276.4013835787265,458.4412657890519,46.15651514131086,13.749272958255187,82,0 days 06:00:00
43,21,279.9161597230052,247.91087848985828,1220,0.5,540,2019-11-02 20:00:00,2019-11-02 20:00:00,279.9161597230052,247.91087848985828,46.17757972436732,12.486721909984155,86,0 days 02:00:00
43,22,303.63247636019963,506.6385503678875,627,0.5,541,2019-11-02 20:00:00,2019-11-02 20:00:00,303.63247636019963,506.6385503678875,46.31971518366558,14.038312146134258,74,0 days 09:00:00
43,24,351.1058710028898,495.8671204738082,1425,0.5,542,2019-11-02 20:00:00,2019-11-02 20:00:00,351.1058710028898,495.8671204738082,46.604230391284446,13.973715864910393,65,0 days 11:00:00
43,26,347.2744623881803,81.73912618998949,853,0.5,543,2019-11-02 20:00:00,2019-11-02 20:00:00,347.2744623881803,81.73912618998949,46.581268182120944,11.490189662308783,91,0 days 01:00:00
43,27,373.42369074962124,24.08578336127414,966,0.5,544,2019-11-02 20:00:00,2019-11-02 20:00:00,373.42369074962124,24.08578336127414,46.73798444798574,11.14444247892818,87,0 days 02:00:00
43,28,366.7903331454413,458.38108620485247,315,0.5,545,2019-11-02 20:00:00,2019-11-02 20:00:00,366.7903331454413,458.38108620485247,46.69822973631685,13.748912061198515,84,0 days 05:00:00
43,29,441.65221525209023,606.1561025583804,4342,0.5,546,2019-11-02 20:00:00,2019-11-02 20:00:00,441.65221525209023,606.1561025583804,47.146888276339574,14.635119055822372,58,0 days 14:00:00
43,32,442.6820468153048,127.47439191603875,974,0.5,547,2019-11-02 20:00:00,2019-11-02 20:00:00,442.6820468153048,127.47439191603875,47.153060212078024,11.764464119436514,94,0 days 00:00:00
43,33,440.5226622707608,536.1207954675742,462,0.5,548,2019-11-02 20:00:00,2019-11-02 20:00:00,440.5226622707608,536.1207954675742,47.14011869511586,14.215117214198346,95,0 days 00:00:00
43,34,515.2077239040603,106.67452691166767,18561,0.5,549,2019-11-02 20:00:00,2019-11-02 20:00:00,515.2077239040603,106.67452691166767,47.587717523397615,11.639727297821095,83,0 days 06:00:00
43,35,481.5496278919505,496.35504321261953,1126,0.5,550,2019-11-02 20:00:00,2019-11-02 20:00:00,481.5496278919505,496.35504321261953,47.38599948222915,13.976641938306564,85,0 days 05:00:00
44,2,79.14734371140386,658.8731590582423,304,0.5,551,2019-11-02 21:00:00,2019-11-02 21:00:00,79.14734371140386,658.8731590582423,44.97434195717451,14.95126332268811,92,0 days 01:00:00
44,3,107.43681523805158,598.7236748584266,380,0.5,552,2019-11-02 21:00:00,2019-11-02 21:00:00,107.43681523805158,598.7236748584266,45.14388502283079,14.590546775762679,96,0 days 00:00:00
44,4,119.16212425913407,550.8984224410812,707,0.5,553,2019-11-02 21:00:00,2019-11-02 21:00:00,119.16212425913407,550.8984224410812,45.214156566621526,14.30373866531383,76,0 days 09:00:00
44,5,125.64769527523197,459.52098307032946,1224,0.5,554,2019-11-02 21:00:00,2019-11-02 21:00:00,125.64769527523197,459.52098307032946,45.25302557099883,13.755748024409773,78,0 days 08:00:00
44,6,167.50462675691244,539.6442704558195,1558,0.5,555,2019-11-02 21:00:00,2019-11-02 21:00:00,167.50462675691244,539.6442704558195,45.50388046857739,14.236247498985424,77,0 days 09:00:00
44,7,160.65662693177873,279.80522356103137,1140,0.5,556,2019-11-02 21:00:00,2019-11-02 21:00:00,160.65662693177873,279.80522356103137,45.46283937373497,12.67799234519359,23,1 days 06:00:00
44,8,172.74432143603664,183.04868474122443,5803,0.5,557,2019-11-02 21:00:00,2019-11-02 21:00:00,172.74432143603664,183.04868474122443,45.535282748332406,12.09774323682893,46,0 days 20:00:00
44,9,164.26309694676127,598.9371609270011,793,0.5,558,2019-11-02 21:00:00,2019-11-02 21:00:00,164.26309694676127,598.9371609270011,45.48445349197546,14.59182705203599,97,0 days 00:00:00
44,10,196.25937228590254,42.74762825235022,3433,0.5,559,2019-11-02 21:00:00,2019-11-02 21:00:00,196.25937228590254,42.74762825235022,45.67621199143949,11.256357590718743,70,0 days 11:00:00
44,12,182.24041693588325,457.74390922770147,2167,0.5,560,2019-11-02 21:00:00,2019-11-02 21:00:00,182.24041693588325,457.74390922770147,45.59219427958149,13.745090909911253,63,0 days 12:00:00
44,15,232.78541064475115,263.8355852086243,2381,0.5,561,2019-11-02 21:00:00,2019-11-02 21:00:00,232.78541064475115,263.8355852086243,45.89511804324765,12.58222240005172,67,0 days 12:00:00
44,16,235.49080142255605,208.5127824964278,362,0.5,562,2019-11-02 21:00:00,2019-11-02 21:00:00,235.49080142255605,208.5127824964278,45.911331857840665,12.250451469243945,50,0 days 15:00:00
44,17,262.89281002343756,182.47773515279866,1217,0.5,563,2019-11-02 21:00:00,2019-11-02 21:00:00,262.89281002343756,182.47773515279866,46.07555622445554,12.094319251291147,90,0 days 02:00:00
44,18,244.87035832039496,356.1752934387288,1421,0.5,564,2019-11-02 21:00:00,2019-11-02 21:00:00,244.87035832039496,356.1752934387288,45.967544955687295,13.135983768747998,93,0 days 01:00:00
44,19,250.43832564285438,13.98751789359229,477,0.5,565,2019-11-02 21:00:00,2019-11-02 21:00:00,250.43832564285438,13.98751789359229,46.00091462285957,11.083883165778666,29,1 days 05:00:00
44,20,285.9496989279119,128.50417198880473,2777,0.5,566,2019-11-02 21:00:00,2019-11-02 21:00:00,285.9496989279119,128.50417198880473,46.21373963398577,11.77063971207679,89,0 days 02:00:00
44,21,267.4524035350847,571.4613531183711,1300,0.5,567,2019-11-02 21:00:00,2019-11-02 21:00:00,267.4524035350847,571.4613531183711,46.10288255543287,14.42705459141452,45,0 days 21:00:00
44,22,277.36354817264896,400.58354478190665,1025,0.5,568,2019-11-02 21:00:00,2019-11-02 21:00:00,277.36354817264896,400.58354478190665,46.16228153870595,13.402300118632125,79,0 days 08:00:00
44,23,276.40553283728116,458.23402162301153,1306,0.5,569,2019-11-02 21:00:00,2019-11-02 21:00:00,276.40553283728116,458.23402162301153,46.15654000844261,13.748030114680729,64,0 days 12:00:00
44,24,279.7692593215971,248.64941929116833,1266,0.5,570,2019-11-02 21:00:00,2019-11-02 21:00:00,279.7692593215971,248.64941929116833,46.176699328126006,12.491150940276873,86,0 days 03:00:00
44,25,302.96002768274184,506.65519394982397,590,0.5,571,2019-11-02 21:00:00,2019-11-02 21:00:00,302.96002768274184,506.65519394982397,46.31568509741369,14.038411957720085,74,0 days 10:00:00
44,27,350.357302363812,496.86465886532136,1174,0.5,572,2019-11-02 21:00:00,2019-11-02 21:00:00,350.357302363812,496.86465886532136,46.599744106632436,13.979698104139858,65,0 days 12:00:00
44,28,346.70122757225124,81.45331457404909,827,0.5,573,2019-11-02 21:00:00,2019-11-02 21:00:00,346.70122757225124,81.45331457404909,46.57783269949123,11.488475649619485,91,0 days 02:00:00
44,29,371.99680487326674,25.900516863593392,1198,0.5,574,2019-11-02 21:00:00,2019-11-02 21:00:00,371.99680487326674,25.900516863593392,46.72943290591856,11.155325438462329,87,0 days 03:00:00
44,30,440.75470571421783,604.9308497088651,4454,0.5,575,2019-11-02 21:00:00,2019-11-02 21:00:00,440.75470571421783,604.9308497088651,47.14150936643795,14.62777121264687,58,0 days 15:00:00
44,32,439.34353696497885,124.27319250332906,523,0.5,576,2019-11-02 21:00:00,2019-11-02 21:00:00,439.34353696497885,124.27319250332906,47.13305201948189,11.745266521759094,94,0 days 01:00:00
44,33,442.15114695316146,534.6451406843651,624,0.5,577,2019-11-02 21:00:00,2019-11-02 21:00:00,442.15114695316146,534.6451406843651,47.149878449205595,14.206267710251064,95,0 days 01:00:00
44,34,512.9615942661355,102.40339453632104,18455,0.5,578,2019-11-02 21:00:00,2019-11-02 21:00:00,512.9615942661355,102.40339453632104,47.57425613001965,11.614113310562646,83,0 days 07:00:00
44,35,479.2664678573405,488.0667603442504,1286,0.5,579,2019-11-02 21:00:00,2019-11-02 21:00:00,479.2664678573405,488.0667603442504,47.37231616010392,13.926937093518742,85,0 days 06:00:00
45,1,7.068175773919649,183.503335331963,344,0.5,580,2019-11-02 22:00:00,2019-11-02 22:00:00,7.068175773919649,183.503335331963,44.54236064248068,12.100469777103227,98,0 days 00:00:00
45,3,79.19706198070551,658.3749057501266,416,0.5,581,2019-11-02 22:00:00,2019-11-02 22:00:00,79.19706198070551,658.3749057501266,44.97463992625423,14.948275296852334,92,0 days 02:00:00
45,4,138.16668720243462,540.0266046187858,6805,0.5,582,2019-11-02 22:00:00,2019-11-02 22:00:00,138.16668720243462,540.0266046187858,45.32805377604199,14.238540357533948,97,0 days 01:00:00
45,5,203.40278797181062,223.21391378085767,12394,0.5,583,2019-11-02 22:00:00,2019-11-02 22:00:00,203.40278797181062,223.21391378085767,45.71902355805024,12.338614175597348,90,0 days 03:00:00
45,6,166.88611741011673,388.78789392314644,581,0.5,584,2019-11-02 22:00:00,2019-11-02 22:00:00,166.88611741011673,388.78789392314644,45.500173648862,13.331561582747506,63,0 days 13:00:00
45,7,196.2193846935796,43.70833273944073,3539,0.5,585,2019-11-02 22:00:00,2019-11-02 22:00:00,196.2193846935796,43.70833273944073,45.67597233977317,11.262118936968161,70,0 days 12:00:00
45,8,168.0091462593787,655.3972229390955,459,0.5,586,2019-11-02 22:00:00,2019-11-02 22:00:00,168.0091462593787,655.3972229390955,45.506904129979155,14.930418128570288,96,0 days 01:00:00
45,9,182.22795308113095,458.81476238166834,2613,0.5,587,2019-11-02 22:00:00,2019-11-02 22:00:00,182.22795308113095,458.81476238166834,45.59211958182185,13.75151281788107,77,0 days 10:00:00
45,10,185.8285149102137,343.9112576143238,834,0.5,588,2019-11-02 22:00:00,2019-11-02 22:00:00,185.8285149102137,343.9112576143238,45.613698291413954,13.062436327522182,67,0 days 13:00:00
45,13,261.60337339041786,183.65235947545463,1455,0.5,589,2019-11-02 22:00:00,2019-11-02 22:00:00,261.60337339041786,183.65235947545463,46.067828436415176,12.101363475115171,50,0 days 16:00:00
45,14,246.69508645748908,351.77044002591435,2193,0.5,590,2019-11-02 22:00:00,2019-11-02 22:00:00,246.69508645748908,351.77044002591435,45.978480826371936,13.109567856227372,79,0 days 09:00:00
45,16,285.041321029901,128.96099702194607,2833,0.5,591,2019-11-02 22:00:00,2019-11-02 22:00:00,285.041321029901,128.96099702194607,46.20829558836414,11.773379292485433,89,0 days 03:00:00
45,18,267.07865034916244,411.23290738511804,350,0.5,592,2019-11-02 22:00:00,2019-11-02 22:00:00,267.07865034916244,411.23290738511804,46.10064259627066,13.466164362129643,93,0 days 02:00:00
45,19,268.09082496231605,574.433295087201,1276,0.5,593,2019-11-02 22:00:00,2019-11-02 22:00:00,268.09082496231605,574.433295087201,46.10670871124675,14.44487733185728,45,0 days 22:00:00
45,20,276.60618305617,457.7596613429963,1189,0.5,594,2019-11-02 22:00:00,2019-11-02 22:00:00,276.60618305617,457.7596613429963,46.157742535439375,13.745185375370294,74,0 days 11:00:00
45,25,409.0821097916873,566.7435451351045,5918,0.5,595,2019-11-02 22:00:00,2019-11-02 22:00:00,409.0821097916873,566.7435451351045,46.95169072649128,14.398761889865694,58,0 days 16:00:00
45,26,347.3144574942514,81.39975530739989,757,0.5,596,2019-11-02 22:00:00,2019-11-02 22:00:00,347.3144574942514,81.39975530739989,46.58150787881828,11.488154454617092,91,0 days 03:00:00
45,27,371.9520996990895,25.421088846128356,1079,0.5,597,2019-11-02 22:00:00,2019-11-02 22:00:00,371.9520996990895,25.421088846128356,46.72916498107331,11.152450307922809,87,0 days 04:00:00
45,29,435.1454826474942,521.2856758264029,1313,0.5,598,2019-11-02 22:00:00,2019-11-02 22:00:00,435.1454826474942,521.2856758264029,47.10789244737368,14.126150979468683,95,0 days 02:00:00
45,30,471.80415221280794,491.2041841829681,1362,0.5,599,2019-11-02 22:00:00,2019-11-02 22:00:00,471.80415221280794,491.2041841829681,47.32759337798772,13.945752228983318,85,0 days 07:00:00
45,31,526.056224408836,118.30480151662131,17971,0.5,600,2019-11-02 22:00:00,2019-11-02 22:00:00,526.056224408836,118.30480151662131,47.65273422162829,11.709474072063697,83,0 days 08:00:00
46,3,141.57095245452888,562.1823479666849,5479,0.5,601,2019-11-02 23:00:00,2019-11-02 23:00:00,141.57095245452888,562.1823479666849,45.34845605066927,14.371408383608307,99,0 days 00:00:00
46,4,125.29737346123554,462.99506607668627,1116,0.5,602,2019-11-02 23:00:00,2019-11-02 23:00:00,125.29737346123554,462.99506607668627,45.250926039579326,13.776582105407414,97,0 days 02:00:00
46,5,170.72584991104006,202.73801712578015,6934,0.5,603,2019-11-02 23:00:00,2019-11-02 23:00:00,170.72584991104006,202.73801712578015,45.523185744329865,12.215820192658352,90,0 days 04:00:00
46,6,167.01227618177856,389.01976231479205,565,0.5,604,2019-11-02 23:00:00,2019-11-02 23:00:00,167.01227618177856,389.01976231479205,45.5009297373908,13.332952097839835,77,0 days 11:00:00
46,7,192.0774979261206,35.22225077164732,2926,0.5,605,2019-11-02 23:00:00,2019-11-02 23:00:00,192.0774979261206,35.22225077164732,45.65114938825587,11.21122789068454,29,1 days 07:00:00
46,8,170.69948678034694,656.2955761206185,548,0.5,606,2019-11-02 23:00:00,2019-11-02 23:00:00,170.69948678034694,656.2955761206185,45.52302774611509,14.935805553946736,96,0 days 02:00:00
46,9,182.40360989127606,459.3414333523915,2659,0.5,607,2019-11-02 23:00:00,2019-11-02 23:00:00,182.40360989127606,459.3414333523915,45.59317231955389,13.754671264482107,67,0 days 14:00:00
46,10,183.05744636916586,339.18769307324203,714,0.5,608,2019-11-02 23:00:00,2019-11-02 23:00:00,183.05744636916586,339.18769307324203,45.59709086008918,13.03410910388751,63,0 days 14:00:00
46,11,214.4916920656446,78.14396077539872,466,0.5,609,2019-11-02 23:00:00,2019-11-02 23:00:00,214.4916920656446,78.14396077539872,45.78548103121533,11.468629449927429,70,0 days 13:00:00
46,13,231.34677390373687,262.48668798852987,2178,0.5,610,2019-11-02 23:00:00,2019-11-02 23:00:00,231.34677390373687,262.48668798852987,45.886496076477876,12.574133061400477,79,0 days 10:00:00
46,14,233.70592542986316,207.24404402869018,330,0.5,611,2019-11-02 23:00:00,2019-11-02 23:00:00,233.70592542986316,207.24404402869018,45.90063482706254,12.242842842750767,100,0 days 00:00:00
46,16,262.5485607499726,182.0477088806447,1162,0.5,612,2019-11-02 23:00:00,2019-11-02 23:00:00,262.5485607499726,182.0477088806447,46.073493086686476,12.091740383092322,50,0 days 17:00:00
46,17,251.33277590700445,367.883060801075,1207,0.5,613,2019-11-02 23:00:00,2019-11-02 23:00:00,251.33277590700445,367.883060801075,46.0062751980728,13.206195267172864,64,0 days 14:00:00
46,18,283.2190693591854,128.07826721467183,2595,0.5,614,2019-11-02 23:00:00,2019-11-02 23:00:00,283.2190693591854,128.07826721467183,46.19737455951567,11.768085560507778,89,0 days 04:00:00
46,20,271.6664834505312,585.1291404011548,1623,0.5,615,2019-11-02 23:00:00,2019-11-02 23:00:00,271.6664834505312,585.1291404011548,46.12813817136448,14.509020332240809,45,0 days 23:00:00
46,21,267.07174467991416,410.7648138573343,369,0.5,616,2019-11-02 23:00:00,2019-11-02 23:00:00,267.07174467991416,410.7648138573343,46.10060120955428,13.463357204541733,74,0 days 12:00:00
46,22,276.5671227881145,458.0265688472063,1225,0.5,617,2019-11-02 23:00:00,2019-11-02 23:00:00,276.5671227881145,458.0265688472063,46.15750844136713,13.746786020073204,93,0 days 03:00:00
46,23,278.94508216080465,246.26776844398435,1046,0.5,618,2019-11-02 23:00:00,2019-11-02 23:00:00,278.94508216080465,246.26776844398435,46.1717599102103,12.476868176575618,86,0 days 05:00:00
46,28,351.01792089190263,494.4633285208503,1395,0.5,619,2019-11-02 23:00:00,2019-11-02 23:00:00,351.01792089190263,494.4633285208503,46.60370329301654,13.96529732246387,58,0 days 17:00:00
46,29,346.23329973637095,80.99448782173158,781,0.5,620,2019-11-02 23:00:00,2019-11-02 23:00:00,346.23329973637095,80.99448782173158,46.57502833746113,11.48572406489794,91,0 days 04:00:00
46,30,354.79253952661855,34.62101351676368,386,0.5,621,2019-11-02 23:00:00,2019-11-02 23:00:00,354.79253952661855,34.62101351676368,46.62632515127254,11.207622269965599,101,0 days 00:00:00
46,34,385.88517402113996,16.356522835543377,562,0.5,622,2019-11-02 23:00:00,2019-11-02 23:00:00,385.88517402113996,16.356522835543377,46.81266799498972,11.098090091967277,87,0 days 05:00:00
46,35,437.4097884306519,577.471685609704,6043,0.5,623,2019-11-02 23:00:00,2019-11-02 23:00:00,437.4097884306519,577.471685609704,47.121462773128904,14.463098564376036,95,0 days 03:00:00
46,36,405.23073980779884,98.6985177353071,592,0.5,624,2019-11-02 23:00:00,2019-11-02 23:00:00,405.23073980779884,98.6985177353071,46.928608885834414,11.591895158832427,94,0 days 03:00:00
46,37,522.4445586716181,114.35720727281478,16312,0.5,625,2019-11-02 23:00:00,2019-11-02 23:00:00,522.4445586716181,114.35720727281478,47.63108896464155,11.685800343465155,83,0 days 09:00:00
47,2,142.6147498625214,564.0936950915318,4865,0.5,626,2019-11-03 00:00:00,2019-11-03 00:00:00,142.6147498625214,564.0936950915318,45.35471168581991,14.3828707351816,99,0 days 01:00:00
47,3,125.51766724427073,462.8638021274074,1005,0.5,627,2019-11-03 00:00:00,2019-11-03 00:00:00,125.51766724427073,462.8638021274074,45.25224629341601,13.77579491530679,97,0 days 03:00:00
47,4,170.79259035399355,203.06405529099834,6774,0.5,628,2019-11-03 00:00:00,2019-11-03 00:00:00,170.79259035399355,203.06405529099834,45.52358572986127,12.217775444023978,90,0 days 05:00:00
47,5,172.49730620571722,655.9606939529806,673,0.5,629,2019-11-03 00:00:00,2019-11-03 00:00:00,172.49730620571722,655.9606939529806,45.533802348835636,14.93379726508534,96,0 days 03:00:00
47,6,197.80506049504893,44.53019378340632,3633,0.5,630,2019-11-03 00:00:00,2019-11-03 00:00:00,197.80506049504893,44.53019378340632,45.68547553378882,11.267047638880998,29,1 days 08:00:00
47,7,166.89074548215012,386.6822347193651,354,0.5,631,2019-11-03 00:00:00,2019-11-03 00:00:00,166.89074548215012,386.6822347193651,45.500201385595076,13.318933941345517,77,0 days 12:00:00
47,8,182.06027060815723,459.72061255493264,2688,0.5,632,2019-11-03 00:00:00,2019-11-03 00:00:00,182.06027060815723,459.72061255493264,45.591114635494094,13.756945202728232,102,0 days 00:00:00
47,11,230.651079199087,261.8443666266609,2144,0.5,633,2019-11-03 00:00:00,2019-11-03 00:00:00,230.651079199087,261.8443666266609,45.8823266732822,12.57028105923035,63,0 days 15:00:00
47,13,233.23647319134224,207.53179090862372,302,0.5,634,2019-11-03 00:00:00,2019-11-03 00:00:00,233.23647319134224,207.53179090862372,45.8978213290577,12.244568461221132,79,0 days 11:00:00
47,14,263.0397891386647,182.5688391009408,1224,0.5,635,2019-11-03 00:00:00,2019-11-03 00:00:00,263.0397891386647,182.5688391009408,46.07643709244062,12.094865601804743,50,0 days 18:00:00
47,15,254.30949355289405,385.787623995658,1551,0.5,636,2019-11-03 00:00:00,2019-11-03 00:00:00,254.30949355289405,385.787623995658,46.02411511547111,13.313568959494201,74,0 days 13:00:00
47,16,281.09069239013786,127.63160321704402,2497,0.5,637,2019-11-03 00:00:00,2019-11-03 00:00:00,281.09069239013786,127.63160321704402,46.18461887562582,11.765406915844341,89,0 days 05:00:00
47,17,254.37887504503436,16.008553710236967,477,0.5,638,2019-11-03 00:00:00,2019-11-03 00:00:00,254.37887504503436,16.008553710236967,46.02453092920826,11.096003320601122,70,0 days 14:00:00
47,18,268.22350890526724,574.2083427882773,1344,0.5,639,2019-11-03 00:00:00,2019-11-03 00:00:00,268.22350890526724,574.2083427882773,46.10750390611033,14.443528292583371,45,1 days 00:00:00
47,19,276.26235045389734,458.69373543150664,1299,0.5,640,2019-11-03 00:00:00,2019-11-03 00:00:00,276.26235045389734,458.69373543150664,46.15568189484357,13.750787019079498,58,0 days 18:00:00
47,20,279.1227332832398,246.2098118998233,1079,0.5,641,2019-11-03 00:00:00,2019-11-03 00:00:00,279.1227332832398,246.2098118998233,46.172824600156396,12.47652061109339,100,0 days 01:00:00
47,25,345.13346725009785,487.05954585725544,1195,0.5,642,2019-11-03 00:00:00,2019-11-03 00:00:00,345.13346725009785,487.05954585725544,46.5684368756427,13.920896826730168,93,0 days 04:00:00
47,27,349.2002108849096,624.4605393907185,672,0.5,643,2019-11-03 00:00:00,2019-11-03 00:00:00,349.2002108849096,624.4605393907185,46.592809483043126,14.744890790948837,103,0 days 00:00:00
47,28,346.20028756538557,80.75137636011047,799,0.5,644,2019-11-03 00:00:00,2019-11-03 00:00:00,346.20028756538557,80.75137636011047,46.57483049054597,11.484266125098115,91,0 days 05:00:00
47,29,353.449437377055,35.14137906961874,343,0.5,645,2019-11-03 00:00:00,2019-11-03 00:00:00,353.449437377055,35.14137906961874,46.618275737704955,11.21074290296623,101,0 days 01:00:00
47,30,438.33390048934825,601.852158306858,4553,0.5,646,2019-11-03 00:00:00,2019-11-03 00:00:00,438.33390048934825,601.852158306858,47.127001115946435,14.6093082956933,95,0 days 04:00:00
47,31,386.7885174790364,14.875992945872886,501,0.5,647,2019-11-03 00:00:00,2019-11-03 00:00:00,386.7885174790364,14.875992945872886,46.81808186845313,11.08921135199924,87,0 days 06:00:00
47,32,434.03827703111136,520.6537617378069,1448,0.5,648,2019-11-03 00:00:00,2019-11-03 00:00:00,434.03827703111136,520.6537617378069,47.1012567972755,14.122361389731976,85,0 days 09:00:00
47,33,532.8303271945908,118.41119578556304,15272,0.5,649,2019-11-03 00:00:00,2019-11-03 00:00:00,532.8303271945908,118.41119578556304,47.69333244037854,11.71011211865405,83,0 days 10:00:00
48,2,143.35222299054388,565.116566146295,4621,0.5,650,2019-11-03 01:00:00,2019-11-03 01:00:00,143.35222299054388,565.116566146295,45.35913147340223,14.389004894430554,99,0 days 02:00:00
48,3,125.40710125681362,456.8797792586754,884,0.5,651,2019-11-03 01:00:00,2019-11-03 01:00:00,125.40710125681362,456.8797792586754,45.251583654792555,13.739908721191457,97,0 days 04:00:00
48,4,171.42720011538415,202.6463748646951,6589,0.5,652,2019-11-03 01:00:00,2019-11-03 01:00:00,171.42720011538415,202.6463748646951,45.52738904178741,12.21527061388123,90,0 days 06:00:00
48,5,167.34921611630173,389.70428617224565,530,0.5,653,2019-11-03 01:00:00,2019-11-03 01:00:00,167.34921611630173,389.70428617224565,45.502949069190166,13.337057188439253,77,0 days 13:00:00
48,6,173.66609949394254,655.6860345013305,728,0.5,654,2019-11-03 01:00:00,2019-11-03 01:00:00,173.66609949394254,655.6860345013305,45.540807103131506,14.932150131942013,96,0 days 04:00:00
48,7,181.9026525620277,459.6520967280174,2517,0.5,655,2019-11-03 01:00:00,2019-11-03 01:00:00,181.9026525620277,459.6520967280174,45.590170006792974,13.7565343132115,102,0 days 01:00:00
48,8,197.3464193207336,43.735544404433206,3423,0.5,656,2019-11-03 01:00:00,2019-11-03 01:00:00,197.3464193207336,43.735544404433206,45.682726828120835,11.262282125363917,29,1 days 09:00:00
48,11,232.50987870352654,264.5093087819822,2289,0.5,657,2019-11-03 01:00:00,2019-11-03 01:00:00,232.50987870352654,264.5093087819822,45.89346673880538,12.586262721331227,64,0 days 16:00:00
48,12,263.3484624893777,211.88984359165048,3429,0.5,658,2019-11-03 01:00:00,2019-11-03 01:00:00,263.3484624893777,211.88984359165048,46.07828701834387,12.270703709695056,50,0 days 19:00:00
48,14,252.7389812314843,373.8973070554416,2347,0.5,659,2019-11-03 01:00:00,2019-11-03 01:00:00,252.7389812314843,373.8973070554416,46.01470279847636,13.242262710977162,74,0 days 14:00:00
48,15,252.90300831150475,15.323784596619971,442,0.5,660,2019-11-03 01:00:00,2019-11-03 01:00:00,252.90300831150475,15.323784596619971,46.01568583748333,11.09189675920012,70,0 days 15:00:00
48,16,285.18695923783133,126.71985625880308,2945,0.5,661,2019-11-03 01:00:00,2019-11-03 01:00:00,285.18695923783133,126.71985625880308,46.209168420089746,11.759939167968835,89,0 days 06:00:00
48,17,275.4628843740236,590.9140455363629,2014,0.5,662,2019-11-03 01:00:00,2019-11-03 01:00:00,275.4628843740236,590.9140455363629,46.15089057415939,14.543712417009672,45,1 days 01:00:00
48,18,276.49267018049426,458.495607235171,1348,0.5,663,2019-11-03 01:00:00,2019-11-03 01:00:00,276.49267018049426,458.495607235171,46.157062235670764,13.749598843989032,58,0 days 19:00:00
48,22,347.4209679839966,486.9048280147371,1560,0.5,664,2019-11-03 01:00:00,2019-11-03 01:00:00,347.4209679839966,486.9048280147371,46.58214621223286,13.919968983596625,93,0 days 05:00:00
48,24,347.1713685973719,81.855577213678,900,0.5,665,2019-11-03 01:00:00,2019-11-03 01:00:00,347.1713685973719,81.855577213678,46.58065032549795,11.49088801927243,91,0 days 06:00:00
48,25,372.25305528216677,27.49934351686382,1401,0.5,666,2019-11-03 01:00:00,2019-11-03 01:00:00,372.25305528216677,27.49934351686382,46.73096865323217,11.164913604299034,87,0 days 07:00:00
48,28,438.70630825328925,604.2472861469859,4365,0.5,667,2019-11-03 01:00:00,2019-11-03 01:00:00,438.70630825328925,604.2472861469859,47.12923301179197,14.623671880941442,95,0 days 05:00:00
48,29,431.1084350590687,519.0425021575086,1075,0.5,668,2019-11-03 01:00:00,2019-11-03 01:00:00,431.1084350590687,519.0425021575086,47.08369781285401,14.112698663613244,85,0 days 10:00:00
48,30,539.2039410143487,103.93042186303542,14900,0.5,669,2019-11-03 01:00:00,2019-11-03 01:00:00,539.2039410143487,103.93042186303542,47.73153046840792,11.62327089573035,83,0 days 11:00:00
49,2,141.00276683652,563.1655309448486,5119,0.5,670,2019-11-03 02:00:00,2019-11-03 02:00:00,141.00276683652,563.1655309448486,45.34505082864353,14.377304533402391,99,0 days 03:00:00
49,3,125.56186502796642,458.53824169707644,928,0.5,671,2019-11-03 02:00:00,2019-11-03 02:00:00,125.56186502796642,458.53824169707644,45.252511177393636,13.749854522920998,97,0 days 05:00:00
49,4,171.45293804334472,205.05857865650123,6906,0.5,672,2019-11-03 02:00:00,2019-11-03 02:00:00,171.45293804334472,205.05857865650123,45.52754329306799,12.229736603637187,90,0 days 07:00:00
49,5,165.8421346398331,333.11811801583605,434,0.5,673,2019-11-03 02:00:00,2019-11-03 02:00:00,165.8421346398331,333.11811801583605,45.493916902807214,12.997709853168432,64,0 days 17:00:00
49,6,166.8719553907603,388.3429178504508,537,0.5,674,2019-11-03 02:00:00,2019-11-03 02:00:00,166.8719553907603,388.3429178504508,45.50008877374599,13.328893060572417,77,0 days 14:00:00
49,7,174.08926540610025,655.1364470379315,794,0.5,675,2019-11-03 02:00:00,2019-11-03 02:00:00,174.08926540610025,655.1364470379315,45.5433432002078,14.92885425510004,96,0 days 05:00:00
49,8,181.9685614675303,460.52046946078826,2566,0.5,676,2019-11-03 02:00:00,2019-11-03 02:00:00,181.9685614675303,460.52046946078826,45.59056500879514,13.761741945791833,102,0 days 02:00:00
49,9,197.87373807503724,43.51893832901996,3283,0.5,677,2019-11-03 02:00:00,2019-11-03 02:00:00,197.87373807503724,43.51893832901996,45.68588712887436,11.260983138404917,29,1 days 10:00:00
49,10,194.17343687823941,353.3036104687111,499,0.5,678,2019-11-03 02:00:00,2019-11-03 02:00:00,194.17343687823941,353.3036104687111,45.66371066622233,13.118762281671431,63,0 days 17:00:00
49,11,250.49121056092972,228.4332982765128,6365,0.5,679,2019-11-03 02:00:00,2019-11-03 02:00:00,250.49121056092972,228.4332982765128,46.00123157014256,12.369914832242955,50,0 days 20:00:00
49,12,259.17898563077495,377.5787484925297,3305,0.5,680,2019-11-03 02:00:00,2019-11-03 02:00:00,259.17898563077495,377.5787484925297,46.053298715252936,13.264340320794783,74,0 days 15:00:00
49,13,254.28645581862514,15.4731666204501,548,0.5,681,2019-11-03 02:00:00,2019-11-03 02:00:00,254.28645581862514,15.4731666204501,46.0239770468582,11.09279260342099,70,0 days 16:00:00
49,14,286.89925533139746,129.78253210250904,2592,0.5,682,2019-11-03 02:00:00,2019-11-03 02:00:00,286.89925533139746,129.78253210250904,46.219430468595704,11.778306039595257,89,0 days 07:00:00
49,15,276.0113186050681,590.6791025810325,2480,0.5,683,2019-11-03 02:00:00,2019-11-03 02:00:00,276.0113186050681,590.6791025810325,46.15417742314681,14.542303463754315,45,1 days 02:00:00
49,16,324.1962112562489,475.7831894168304,5758,0.5,684,2019-11-03 02:00:00,2019-11-03 02:00:00,324.1962112562489,475.7831894168304,46.44295674554259,13.853272500250858,93,0 days 06:00:00
49,20,346.16007292361587,81.26501813793554,864,0.5,685,2019-11-03 02:00:00,2019-11-03 02:00:00,346.16007292361587,81.26501813793554,46.57458947813811,11.487346435609808,91,0 days 07:00:00
49,22,373.4904474961482,25.56665556362639,1250,0.5,686,2019-11-03 02:00:00,2019-11-03 02:00:00,373.4904474961482,25.56665556362639,46.73838453122691,11.153323271745885,87,0 days 08:00:00
49,25,440.4977954275159,605.0333538835838,4414,0.5,687,2019-11-03 02:00:00,2019-11-03 02:00:00,440.4977954275159,605.0333538835838,47.13996966437723,14.628385930336336,95,0 days 06:00:00
49,26,432.65701265839976,521.8610143029518,963,0.5,688,2019-11-03 02:00:00,2019-11-03 02:00:00,432.65701265839976,521.8610143029518,47.09297867175411,14.129601285175124,85,0 days 11:00:00
49,27,535.5597441216671,105.18356634162606,15254,0.5,689,2019-11-03 02:00:00,2019-11-03 02:00:00,535.5597441216671,105.18356634162606,47.709690247304515,11.630786005047232,83,0 days 12:00:00
50,2,142.09537011772815,562.5104603317347,4880,0.5,690,2019-11-03 03:00:00,2019-11-03 03:00:00,142.09537011772815,562.5104603317347,45.35159896474666,14.37337607395343,99,0 days 04:00:00
50,3,125.8184281041718,456.01005113930967,767,0.5,691,2019-11-03 03:00:00,2019-11-03 03:00:00,125.8184281041718,456.01005113930967,45.25404879856953,13.73469296035568,97,0 days 06:00:00
50,4,221.69204256906795,231.77938278304154,10724,0.5,692,2019-11-03 03:00:00,2019-11-03 03:00:00,221.69204256906795,231.77938278304154,45.82863381676668,12.389981306045225,50,0 days 21:00:00
50,5,171.53769128166624,130.96673321820774,1401,0.5,693,2019-11-03 03:00:00,2019-11-03 03:00:00,171.53769128166624,130.96673321820774,45.52805123199629,11.785407695461515,90,0 days 08:00:00
50,6,173.25339822950963,654.2129412268539,854,0.5,694,2019-11-03 03:00:00,2019-11-03 03:00:00,173.25339822950963,654.2129412268539,45.5383337222659,14.92331598936644,96,0 days 06:00:00
50,7,166.42943102712636,334.08783541339466,499,0.5,695,2019-11-03 03:00:00,2019-11-03 03:00:00,166.42943102712636,334.08783541339466,45.497436658552985,13.00352524985544,77,0 days 15:00:00
50,8,166.57563271106778,385.78398876850986,701,0.5,696,2019-11-03 03:00:00,2019-11-03 03:00:00,166.57563271106778,385.78398876850986,45.49831286727523,13.313547159031543,63,0 days 18:00:00
50,9,181.4092562476378,460.38703254344995,2659,0.5,697,2019-11-03 03:00:00,2019-11-03 03:00:00,181.4092562476378,460.38703254344995,45.58721300833344,13.7609417243985,102,0 days 03:00:00
50,10,201.9262167456262,46.151796129620934,3603,0.5,698,2019-11-03 03:00:00,2019-11-03 03:00:00,201.9262167456262,46.151796129620934,45.710174244194675,11.276772390582435,29,1 days 11:00:00
50,12,290.7342110812315,437.37584297916436,9346,0.5,699,2019-11-03 03:00:00,2019-11-03 03:00:00,290.7342110812315,437.37584297916436,46.2424139362745,13.622943586081943,58,0 days 21:00:00
50,13,252.3304380645214,15.178697561709232,586,0.5,700,2019-11-03 03:00:00,2019-11-03 03:00:00,252.3304380645214,15.178697561709232,46.012254337715454,11.09102667203424,70,0 days 17:00:00
50,14,265.48738500955017,656.7687775689584,523,0.5,701,2019-11-03 03:00:00,2019-11-03 03:00:00,265.48738500955017,656.7687775689584,46.09110590331066,14.938643343741878,104,0 days 00:00:00
50,15,288.95204901948705,129.58565411565888,2208,0.5,702,2019-11-03 03:00:00,2019-11-03 03:00:00,288.95204901948705,129.58565411565888,46.2317331704935,11.777125362012947,89,0 days 08:00:00
50,16,275.8058850632905,591.3679486505042,2561,0.5,703,2019-11-03 03:00:00,2019-11-03 03:00:00,275.8058850632905,591.3679486505042,46.15294622897521,14.546434474665691,45,1 days 03:00:00
50,18,346.4596814389267,81.20728136528037,883,0.5,704,2019-11-03 03:00:00,2019-11-03 03:00:00,346.4596814389267,81.20728136528037,46.57638507711685,11.487000188097632,91,0 days 08:00:00
50,19,355.843982302994,37.48326967844269,616,0.5,705,2019-11-03 03:00:00,2019-11-03 03:00:00,355.843982302994,37.48326967844269,46.63262660626795,11.224787224458428,105,0 days 00:00:00
50,21,364.3809330277537,455.4132216579121,337,0.5,706,2019-11-03 03:00:00,2019-11-03 03:00:00,364.3809330277537,455.4132216579121,46.68378983835127,13.731113773060944,93,0 days 07:00:00
50,23,387.05943398506327,16.880128948284938,637,0.5,707,2019-11-03 03:00:00,2019-11-03 03:00:00,387.05943398506327,16.880128948284938,46.819705511896785,11.101230158610406,87,0 days 09:00:00
50,24,440.0959316195483,604.8763229761415,3941,0.5,708,2019-11-03 03:00:00,2019-11-03 03:00:00,440.0959316195483,604.8763229761415,47.137561234021256,14.627444215748977,95,0 days 07:00:00
50,25,433.32596738389987,522.4622272470725,971,0.5,709,2019-11-03 03:00:00,2019-11-03 03:00:00,433.32596738389987,522.4622272470725,47.09698781822543,14.133206760102384,85,0 days 12:00:00
50,27,529.4428034395081,104.67546264079176,15503,0.5,710,2019-11-03 03:00:00,2019-11-03 03:00:00,529.4428034395081,104.67546264079176,47.67303050006555,11.627738906391555,83,0 days 13:00:00
51,1,138.9118479219535,564.7086331118902,5521,0.5,711,2019-11-03 06:00:00,2019-11-03 06:00:00,138.9118479219535,564.7086331118902,45.332519636518555,14.386558519411635,99,0 days 07:00:00
51,2,125.69411645109388,454.24212389670527,688,0.5,712,2019-11-03 06:00:00,2019-11-03 06:00:00,125.69411645109388,454.24212389670527,45.25330378010074,13.724090698031215,97,0 days 09:00:00
51,3,166.4195166342483,238.03352686076764,2944,0.5,713,2019-11-03 06:00:00,2019-11-03 06:00:00,166.4195166342483,238.03352686076764,45.497377240102516,12.427487417455879,64,0 days 21:00:00
51,4,183.3572635150845,356.61122729031746,2673,0.5,714,2019-11-03 06:00:00,2019-11-03 06:00:00,183.3572635150845,356.61122729031746,45.59888770942259,13.13859806470955,63,0 days 21:00:00
51,5,170.34546466511586,653.5607740622723,769,0.5,715,2019-11-03 06:00:00,2019-11-03 06:00:00,170.34546466511586,653.5607740622723,45.520906038232724,14.919404941902682,96,0 days 09:00:00
51,6,173.1680611281695,126.76712531914905,1154,0.5,716,2019-11-03 06:00:00,2019-11-03 06:00:00,173.1680611281695,126.76712531914905,45.537822284158544,11.760222640594598,106,0 days 00:00:00
51,8,196.08504770923753,34.01542039052294,2806,0.5,717,2019-11-03 06:00:00,2019-11-03 06:00:00,196.08504770923753,34.01542039052294,45.675167237983445,11.203990527079597,90,0 days 11:00:00
51,9,190.20286949495716,465.1646278867969,1493,0.5,718,2019-11-03 06:00:00,2019-11-03 06:00:00,190.20286949495716,465.1646278867969,45.63991445758965,13.789592970835363,102,0 days 06:00:00
51,10,213.35926208145852,78.40507431387766,411,0.5,719,2019-11-03 06:00:00,2019-11-03 06:00:00,213.35926208145852,78.40507431387766,45.77869420767997,11.470195348209161,29,1 days 14:00:00
51,11,280.3425149836826,315.15081151303497,21921,0.5,720,2019-11-03 06:00:00,2019-11-03 06:00:00,280.3425149836826,315.15081151303497,46.18013493568988,12.889959889133644,107,0 days 00:00:00
51,12,249.93073834008445,653.7291814183468,1063,0.5,721,2019-11-03 06:00:00,2019-11-03 06:00:00,249.93073834008445,653.7291814183468,45.99787257566831,14.920414881069547,104,0 days 03:00:00
51,13,251.6533828228777,13.6698648527548,642,0.5,722,2019-11-03 06:00:00,2019-11-03 06:00:00,251.6533828228777,13.6698648527548,46.008196643630264,11.081978200016522,70,0 days 20:00:00
51,14,273.8946818616814,585.3021999109975,2412,0.5,723,2019-11-03 06:00:00,2019-11-03 06:00:00,273.8946818616814,585.3021999109975,46.141492100198434,14.510058170380795,45,1 days 06:00:00
51,15,282.44075509389234,313.6787654017122,335,0.5,724,2019-11-03 06:00:00,2019-11-03 06:00:00,282.44075509389234,313.6787654017122,46.19271000484353,12.881132026397076,108,0 days 00:00:00
51,18,361.2599902603845,52.169318250746116,2889,0.5,725,2019-11-03 06:00:00,2019-11-03 06:00:00,361.2599902603845,52.169318250746116,46.66508555806737,11.312859479764592,105,0 days 03:00:00
51,20,438.2499957051711,603.8591269739311,3471,0.5,726,2019-11-03 06:00:00,2019-11-03 06:00:00,438.2499957051711,603.8591269739311,47.12649826193167,14.621344089798688,95,0 days 10:00:00
51,23,516.5936718528213,138.3071548696376,22357,0.5,727,2019-11-03 06:00:00,2019-11-03 06:00:00,516.5936718528213,138.3071548696376,47.59602371829602,11.82942821511027,83,0 days 16:00:00
52,6,152.32401764728556,518.5596242331942,7707,0.5,728,2019-11-03 09:00:00,2019-11-03 09:00:00,152.32401764728556,518.5596242331942,45.41290079069435,14.109802843977176,99,0 days 10:00:00
52,7,161.64131544353438,279.9058113813301,1100,0.5,729,2019-11-03 09:00:00,2019-11-03 09:00:00,161.64131544353438,279.9058113813301,45.468740760363644,12.67859557050273,77,0 days 21:00:00
52,9,170.8150612229322,204.93602677811685,983,0.5,730,2019-11-03 09:00:00,2019-11-03 09:00:00,170.8150612229322,204.93602677811685,45.52372040116483,12.229001659838781,64,1 days 00:00:00
52,10,165.6829463623346,332.43480610584544,579,0.5,731,2019-11-03 09:00:00,2019-11-03 09:00:00,165.6829463623346,332.43480610584544,45.4929628634729,12.993612030619762,63,1 days 00:00:00
52,11,182.55870009871865,373.9246328498028,1754,0.5,732,2019-11-03 09:00:00,2019-11-03 09:00:00,182.55870009871865,373.9246328498028,45.59410179853684,13.242426583806914,97,0 days 12:00:00
52,13,194.4205802734016,30.428338852886732,2527,0.5,733,2019-11-03 09:00:00,2019-11-03 09:00:00,194.4205802734016,30.428338852886732,45.66519183383032,11.18247879372046,70,0 days 23:00:00
52,14,172.05055106984108,126.07772283654478,620,0.5,734,2019-11-03 09:00:00,2019-11-03 09:00:00,172.05055106984108,126.07772283654478,45.53112487798706,11.756088292872834,106,0 days 03:00:00
52,16,277.0174991830958,231.91490555461206,8109,0.5,735,2019-11-03 09:00:00,2019-11-03 09:00:00,277.0174991830958,231.91490555461206,46.160207614967184,12.390794036309515,89,0 days 14:00:00
52,17,368.9564473140549,259.058329386359,21104,0.5,736,2019-11-03 09:00:00,2019-11-03 09:00:00,368.9564473140549,259.058329386359,46.71121158493012,12.553573189723291,108,0 days 03:00:00
52,18,260.20754827526787,654.737871371912,830,0.5,737,2019-11-03 09:00:00,2019-11-03 09:00:00,260.20754827526787,654.737871371912,46.059463046170265,14.926463996233355,104,0 days 06:00:00
52,20,288.2308876652512,566.9403759765738,4576,0.5,738,2019-11-03 09:00:00,2019-11-03 09:00:00,288.2308876652512,566.9403759765738,46.22741114182942,14.399942284717083,45,1 days 09:00:00
52,21,296.98322412407316,130.58291610849327,3166,0.5,739,2019-11-03 09:00:00,2019-11-03 09:00:00,296.98322412407316,130.58291610849327,46.279865213072355,11.783105943679118,50,1 days 03:00:00
52,22,338.4779491057712,473.83312028967975,408,0.5,740,2019-11-03 09:00:00,2019-11-03 09:00:00,338.4779491057712,473.83312028967975,46.52854935251747,13.841577932771692,93,0 days 13:00:00
52,23,346.59970392667543,626.0145931020944,739,0.5,741,2019-11-03 09:00:00,2019-11-03 09:00:00,346.59970392667543,626.0145931020944,46.57722425298521,14.754210453385873,109,0 days 00:00:00
52,24,360.84513553860506,68.95030513257213,4000,0.5,742,2019-11-03 09:00:00,2019-11-03 09:00:00,360.84513553860506,68.95030513257213,46.66259927120739,11.413495083253807,105,0 days 06:00:00
52,25,433.02375173336634,582.7625860077743,3009,0.5,743,2019-11-03 09:00:00,2019-11-03 09:00:00,433.02375173336634,582.7625860077743,47.09517659429244,14.494828101995648,95,0 days 13:00:00
52,27,522.4926756355464,7.46090680457898,676,0.5,744,2019-11-03 09:00:00,2019-11-03 09:00:00,522.4926756355464,7.46090680457898,47.63137733685687,11.044743069292828,110,0 days 00:00:00
53,1,73.24420406013988,19.35013844699199,441,0.5,745,2019-11-03 12:00:00,2019-11-03 12:00:00,73.24420406013988,19.35013844699199,44.93896355173028,11.116042809277312,90,0 days 17:00:00
53,2,155.66825924222616,508.7857615915036,7350,0.5,746,2019-11-03 12:00:00,2019-11-03 12:00:00,155.66825924222616,508.7857615915036,45.43294333449964,14.05118897506149,99,0 days 13:00:00
53,4,159.5822961099756,281.39467482410276,1032,0.5,747,2019-11-03 12:00:00,2019-11-03 12:00:00,159.5822961099756,281.39467482410276,45.45640074723444,12.687524286801215,63,1 days 03:00:00
53,6,169.2221184316253,206.73104227452848,894,0.5,748,2019-11-03 12:00:00,2019-11-03 12:00:00,169.2221184316253,206.73104227452848,45.51417365498406,12.23976637046194,64,1 days 03:00:00
53,7,176.43866786837125,364.06184204437744,2661,0.5,749,2019-11-03 12:00:00,2019-11-03 12:00:00,176.43866786837125,364.06184204437744,45.55742352318373,13.183279412559983,102,0 days 12:00:00
53,9,175.43395524285,125.17118796052914,930,0.5,750,2019-11-03 12:00:00,2019-11-03 12:00:00,175.43395524285,125.17118796052914,45.551402129023934,11.750651801862244,106,0 days 06:00:00
53,10,190.5729318288795,23.73811574242519,1864,0.5,751,2019-11-03 12:00:00,2019-11-03 12:00:00,190.5729318288795,23.73811574242519,45.642132296919655,11.142357515696702,70,1 days 02:00:00
53,12,304.1113160825348,232.83183668666325,27477,0.5,752,2019-11-03 12:00:00,2019-11-03 12:00:00,304.1113160825348,232.83183668666325,46.32258494227546,12.396292873683137,50,1 days 06:00:00
53,13,274.38183013688655,610.0664899665996,2803,0.5,753,2019-11-03 12:00:00,2019-11-03 12:00:00,274.38183013688655,610.0664899665996,46.144411653217645,14.658569654972112,104,0 days 09:00:00
53,17,368.9378377461546,186.66547715288704,389,0.5,754,2019-11-03 12:00:00,2019-11-03 12:00:00,368.9378377461546,186.66547715288704,46.711100054985515,12.11943314634415,89,0 days 17:00:00
53,18,431.7788436297587,593.725326513682,2826,0.5,755,2019-11-03 12:00:00,2019-11-03 12:00:00,431.7788436297587,593.725326513682,47.08771567243862,14.56057167324547,109,0 days 03:00:00
53,19,420.18274192947456,96.5678583285265,638,0.5,756,2019-11-03 12:00:00,2019-11-03 12:00:00,420.18274192947456,96.5678583285265,47.01821848759103,11.57911759117557,105,0 days 09:00:00
53,20,440.63786020801064,533.9213141363866,434,0.5,757,2019-11-03 12:00:00,2019-11-03 12:00:00,440.63786020801064,533.9213141363866,47.14080909371239,14.20192692135764,95,0 days 16:00:00
54,2,34.13261990946154,130.0497357197277,743,0.5,758,2019-11-03 15:00:00,2019-11-03 15:00:00,34.13261990946154,130.0497357197277,44.7045619343889,11.779908460088322,111,0 days 00:00:00
54,6,119.56158438116435,543.4535028552585,416,0.5,759,2019-11-03 15:00:00,2019-11-03 15:00:00,119.56158438116435,543.4535028552585,45.21655059132547,14.259091471395852,112,0 days 00:00:00
54,7,161.6570769704084,280.84366949712484,824,0.5,760,2019-11-03 15:00:00,2019-11-03 15:00:00,161.6570769704084,280.84366949712484,45.46883522156923,12.684219907029235,97,0 days 18:00:00
54,8,168.0409857883548,204.12356034650398,812,0.5,761,2019-11-03 15:00:00,2019-11-03 15:00:00,168.0409857883548,204.12356034650398,45.50709494907405,12.224129297430308,64,1 days 06:00:00
54,9,178.70972274046545,379.9293349147888,1584,0.5,762,2019-11-03 15:00:00,2019-11-03 15:00:00,178.70972274046545,379.9293349147888,45.57103429724594,13.278436791093185,102,0 days 15:00:00
54,10,173.93263301641682,127.8451400369195,1026,0.5,763,2019-11-03 15:00:00,2019-11-03 15:00:00,173.93263301641682,127.8451400369195,45.54240447869428,11.76668749647328,106,0 days 09:00:00
54,12,179.8354843033795,452.7291270642647,1688,0.5,764,2019-11-03 15:00:00,2019-11-03 15:00:00,179.8354843033795,452.7291270642647,45.57778115592778,13.715017253758708,99,0 days 16:00:00
54,14,195.02911487450731,28.089627454427674,1848,0.5,765,2019-11-03 15:00:00,2019-11-03 15:00:00,195.02911487450731,28.089627454427674,45.668838873391735,11.168453537957587,70,1 days 05:00:00
54,17,293.9228274188842,250.86615526859134,26004,0.5,766,2019-11-03 15:00:00,2019-11-03 15:00:00,293.9228274188842,250.86615526859134,46.26152379446249,12.504444709256921,50,1 days 09:00:00
54,18,271.4415440590301,577.3150538244557,1312,0.5,767,2019-11-03 15:00:00,2019-11-03 15:00:00,271.4415440590301,577.3150538244557,46.12679007569624,14.462159243325072,104,0 days 12:00:00
54,21,394.1533609869763,17.177795352498787,645,0.5,768,2019-11-03 15:00:00,2019-11-03 15:00:00,394.1533609869763,17.177795352498787,46.862220485367146,11.103015264482751,113,0 days 00:00:00
54,22,435.83642335676984,581.9989977174614,3495,0.5,769,2019-11-03 15:00:00,2019-11-03 15:00:00,435.83642335676984,581.9989977174614,47.11203335915872,14.49024886187383,109,0 days 06:00:00
55,3,12.466613683703105,363.53159145817915,1850,0.5,770,2019-11-03 18:00:00,2019-11-03 18:00:00,12.466613683703105,363.53159145817915,44.57471429433726,13.180099498999576,114,0 days 00:00:00
55,5,49.39125855987318,59.12408654205032,1058,0.5,771,2019-11-03 18:00:00,2019-11-03 18:00:00,49.39125855987318,59.12408654205032,44.79600925506773,11.354567235634486,90,0 days 23:00:00
55,7,169.3436884650178,172.68492365291712,3820,0.5,772,2019-11-03 18:00:00,2019-11-03 18:00:00,169.3436884650178,172.68492365291712,45.51490224251295,12.03559174604448,64,1 days 09:00:00
55,8,161.90066134831912,280.3277692804589,966,0.5,773,2019-11-03 18:00:00,2019-11-03 18:00:00,161.90066134831912,280.3277692804589,45.47029505945054,12.681126052656424,97,0 days 21:00:00
55,9,174.81874386538118,388.7436685181377,1888,0.5,774,2019-11-03 18:00:00,2019-11-03 18:00:00,174.81874386538118,388.7436685181377,45.547715074535674,13.331296362927363,102,0 days 18:00:00
55,13,202.21412632392406,43.688920463342086,3465,0.5,775,2019-11-03 18:00:00,2019-11-03 18:00:00,202.21412632392406,43.688920463342086,45.71189972968105,11.262002521519294,70,1 days 08:00:00
55,14,184.39737183839705,456.85035759105244,677,0.5,776,2019-11-03 18:00:00,2019-11-03 18:00:00,184.39737183839705,456.85035759105244,45.60512123533286,13.73973227940661,112,0 days 03:00:00
55,15,236.80109234840964,221.45200605618479,1055,0.5,777,2019-11-03 18:00:00,2019-11-03 18:00:00,236.80109234840964,221.45200605618479,45.9191846288004,12.328048012330942,50,1 days 12:00:00
55,16,270.3473729936061,395.63115085868435,7231,0.5,778,2019-11-03 18:00:00,2019-11-03 18:00:00,270.3473729936061,395.63115085868435,46.12023254362607,13.37260060484968,99,0 days 19:00:00
55,17,249.04170562550058,9.637729854318536,431,0.5,779,2019-11-03 18:00:00,2019-11-03 18:00:00,249.04170562550058,9.637729854318536,45.992544468645974,11.05779748038572,115,0 days 00:00:00
55,18,328.1310926277549,161.28171239584577,17880,0.5,780,2019-11-03 18:00:00,2019-11-03 18:00:00,328.1310926277549,161.28171239584577,46.46653908252935,11.967206671039555,89,0 days 23:00:00
55,20,270.49369468184216,577.7206402162288,1308,0.5,781,2019-11-03 18:00:00,2019-11-03 18:00:00,270.49369468184216,577.7206402162288,46.12110947155213,14.464591545524609,104,0 days 15:00:00
55,22,339.5998466440329,475.7855497877317,337,0.5,782,2019-11-03 18:00:00,2019-11-03 18:00:00,339.5998466440329,475.7855497877317,46.535273053517315,13.853286655398694,116,0 days 00:00:00
55,23,440.7054111019552,604.900652627724,3731,0.5,783,2019-11-03 18:00:00,2019-11-03 18:00:00,440.7054111019552,604.900652627724,47.1412139363987,14.627590120705989,109,0 days 09:00:00
